0	калош
80	Авдотья
84	затратили
119	Пищик
120	Желаю
126	таких
132	Какая
144	войдя
149	открыта
157	сверх
170	Прохожий
172	твоих
176	клянусь
179	кончике
182	братцы
193	Страшно
204	губернии
205	узлы
217	середину
219	кивает
225	Зачем
233	шутник
281	рассыпала
295	Взгляните
313	вместе
314	Пищику
321	перенесла
340	собака
359	спросить
379	сидят
395	сидя
411	звуки
417	строить
432	заботами
452	понимать
468	несколько
501	уезжать
512	твоя
518	бьется
526	госпожа
562	чистота
566	белую
570	потягивается
573	жизнь
664	томах
672	цель
673	Читал
676	лично
692	Дорога
718	похорошела
719	сплю
727	досада
729	страдающий
732	через
743	место
780	Ментоны
797	воображения
804	аптекарь
833	гляди
845	потом
871	семь
900	пачулями
926	вальса
929	купить
939	сенате
965	летом
970	Вперед
986	физиономий
1003	богатые
1019	дохода
1049	нисколько
1052	каких
1073	одиноко
1099	крикнуть
1109	Сверх
1154	студент
1166	шляпой
1173	уйду
1175	ведет
1186	сказал
1198	господи
1235	везет
1241	после
1253	часам
1255	хожу
1265	живет
1276	пряжку
1287	насекомое
1322	небесные
1323	богатым
1348	Коньячком
1361	смеюсь
1376	город
1393	лошадиное
1413	уеду
1456	входят
1465	удар
1468	медикаменты
1469	топором
1511	Кладу
1536	Готов
1556	Через
1610	комплекции
1623	работает
1628	поставленную
1642	Счастливо
1652	великий
1694	дорого
1695	камень
1704	свиданция
1707	смех
1725	salto
1733	пошла
1747	самую
1771	богатый
1772	спать
1782	смешной
1806	Конец
1807	запивает
1823	усаживаются
1855	спит
1857	чему
1892	застрелиться
1914	Merci
1931	поехала
1945	Голодная
1949	позвольте
1998	скажем
2012	водку
2031	испугался
2046	перед
2054	уходит
2076	канделябры
2079	тем
2093	полу
2114	Идет
2123	Смех
2133	Зову
2135	рабочие
2139	сем
2145	слышны
2159	принес
2160	дачники
2169	выпустить
2177	плеч
2186	Знаешь
2202	уложила
2246	маму
2259	чем
2260	напугал
2270	говорили
2275	жадностью
2280	хорошо
2291	придет
2293	Приеду
2319	всему
2342	дому
2344	очках
2350	Восемь
2362	варенье
2379	сам
2387	купит
2396	получи
2449	плач
2461	зиму
2465	Чему
2469	философ
2486	безумно
2487	неодушевленный
2493	выпит
2499	купец
2509	залу
2563	чай
2567	Хожу
2582	грохотом
2627	богу
2647	ничтожество
2654	дает
2657	становится
2664	хороши
2668	пятое
2670	моих
2700	ждет
2702	отсюда
2712	квас
2726	говорю
2780	скверный
2795	сон
2802	Третьего
2815	Успокойтесь
2835	чей
2837	вынес
2844	интересный
2884	выходит
2895	трясутся
2900	страна
2901	должно
2957	Приходит
2959	так
2960	ударил
2974	удовольствия
2982	прошлому
3006	Хорошо
3021	Ненаглядная
3025	году
3048	вижу
3055	Слушаю
3081	плечами
3091	умерла
3097	Ехать
3162	надбавляет
3177	Приятно
3187	пускаете
3208	неужели
3218	день
3225	сургучом
3237	благодарите
3239	завидовать
3244	пятом
3252	Очень
3263	требует
3275	падает
3296	Твоя
3324	положительно
3329	прекраснейшая
3336	возвышаясь
3337	музыкой
3347	идемте
3353	бесповоротно
3354	груди
3373	поля
3376	волю
3382	сердце
3462	Время
3484	которого
3490	балконе
3520	воды
3530	всякую
3559	брать
3569	свободный
3571	искусстве
3579	Устал
3620	ведь
3633	свободным
3639	раз
3662	дамы
3680	Сердце
3682	выражаться
3691	безжалостно
3716	башлыком
3717	Завтра
3722	грубо
3737	замечательно
3743	Экая
3785	четвертой
3845	сорила
3864	качает
3898	адмиралы
3905	неизъяснимых
3911	шее
3945	восемьсот
3947	Сидя
3958	Событие
3959	рад
3962	Меня
3998	напрягаю
4017	слышит
4020	прочтем
4048	Воля
4076	живя
4078	Родные
4092	кровь
4127	уедем
4142	Обойти
4154	смешного
4180	поднимает
4200	земле
4226	счастью
4232	Придумай
4256	господам
4262	мужиках
4307	уйдем
4308	Лошади
4319	ветер
4335	бывает
4375	приемная
4377	идите
4389	сказали
4397	покое
4404	дайте
4432	лавке
4438	движении
4442	Гаева
4454	замечательные
4510	уходите
4516	одобрить
4517	глаза
4552	Восьмерка
4553	принимаю
4564	размножится
4591	достал
4616	первой
4651	совсем
4672	Симеонов
4680	заснул
4688	годов
4734	Скорей
4735	этот
4762	Гаеве
4773	разговор
4785	ленив
4816	привезть
4821	сумасшедшая
4826	снять
4832	господин
4845	прожила
4889	узлом
4892	замахнулась
4894	руку
4901	помог
4911	продала
4913	свечой
4932	ребенка
4957	светик
4965	смеешь
5016	почерк
5064	Воображаю
5067	пиджаке
5093	мы
5105	Поезд
5132	словах
5146	дойти
5152	столбов
5160	скорее
5163	выйдем
5165	покой
5168	знали
5169	молчать
5170	серьезно
5171	отдали
5175	цветут
5182	называем
5184	Садитесь
5196	Хороший
5219	Здоровье
5236	глупые
5268	дорогие
5281	Никаких
5302	семьдесят
5335	Уедем
5338	скрипки
5395	Пройдемте
5436	сигару
5438	полнокровный
5467	весны
5476	неуютно
5491	Бабушка
5492	дорогое
5509	Ты
5524	пропали
5557	ну
5560	ночью
5572	почаще
5625	закуривает
5626	Андреевну
5627	неделовых
5633	попал
5665	боюсь
5669	их
5676	веселимся
5695	просьбой
5714	87
5716	тоску
5720	проглотил
5732	Возьму
5750	вопрос
5767	людской
5793	полно
5823	продажи
5896	первое
5905	полон
5908	пропало
5925	послушали
5978	вишня
6004	старик
6089	друзья
6100	старой
6102	неизлечима
6122	Милый
6132	отстали
6147	под
6155	утешить
6159	оба
6161	называется
6167	Иди
6198	страданием
6255	Вон
6267	общественного
6277	обращаются
6279	Дай
6306	гимназии
6327	Раз
6388	ружье
6390	людей
6395	направления
6419	год
6428	огурец
6457	Остальные
6461	Подите
6474	любви
6482	Решайтесь
6503	два
6549	Заснула
6553	Сестра
6567	прошлом
6621	Козоедова
6622	утерпеть
6650	Дядя
6651	Лопахиным
6663	Мой
6667	Его
6668	выдь
6686	великодушны
6722	Настроим
6735	Они
6738	труду
6745	Покидая
6747	без
6773	финансист
6789	Вы
6799	половины
6802	чужие
6813	Студенту
6823	две
6842	Чужой
6847	жив
6849	задача
6863	сестра
6876	мужчиной
6922	узнаешь
6938	дядю
6939	над
6947	немецкая
6951	Или
6955	бог
6972	отчего
6975	отдышаться
6983	Дам
7027	извозчики
7034	громко
7036	объяснитесь
7040	уверить
7042	беспокоюсь
7119	Вам
7127	дед
7180	сияешь
7210	чудак
7232	августа
7235	пол
7247	успел
7283	Где
7291	Брат
7295	жил
7306	Евстигней
7327	Этот
7341	монеты
7359	кем
7383	Становится
7387	коробку
7397	вычищенных
7407	Ермолай
7439	Так
7446	поглядеть
7455	сочинениях
7477	Лопахина
7495	мои
7511	беспокойство
7560	несчастливый
7587	пил
7631	Вив
7681	заживет
7702	гробов
7753	обморок
7755	бал
7763	Чем
7766	устроен
7791	постоянно
7794	чужой
7815	дал
7817	просит
7845	Ах
7848	подолгу
7861	пьет
7875	зал
7908	предметов
7910	дверей
7911	май
7916	Отец
7924	согласиться
7935	рыдают
7953	знаменитейший
7966	отъезжают
7983	как
7984	мнению
7985	светлым
7987	сделать
8012	деликатным
8017	выпивши
8026	книжкой
8039	прошлое
8048	служака
8064	августе
8066	мебель
8069	От
8079	Там
8091	ним
8103	дом
8115	Сочинения
8120	молодых
8135	ресторане
8159	выхода
8183	Мне
8221	достойнейший
8243	Харьков
8249	Денег
8276	кофейником
8279	Сергеич
8289	Симеоновых
8359	благородная
8364	наняли
8379	видели
8383	приедешь
8411	недоумении
8431	истину
8445	замуж
8451	теряю
8455	усадьбу
8469	Алексеич
8475	превосходно
8479	Пищиком
8480	нежная
8498	долга
8506	умным
8564	болезни
8627	смотрел
8628	телеграфных
8653	Дериганов
8670	станция
8677	плодотворной
8681	юбилей
8707	Девочка
8716	свадьбы
8747	России
8755	Собственно
8845	романах
8886	представления
8897	Борис
8909	простите
8928	копеек
8929	кружится
8954	умный
8975	важном
9012	опустится
9015	некстати
9017	ровно
9019	Насмотрелся
9031	менее
9060	карту
9079	поглядит
9083	предлагают
9093	ты
9104	угнетена
9110	Сходится
9111	степени
9117	помещица
9123	Разве
9128	слышите
9132	Могла
9169	Господь
9248	моими
9267	будешь
9268	могли
9281	жилете
9306	продается
9315	продавайте
9321	пойти
9339	плакать
9412	скажите
9415	приличие
9419	Несомненно
9430	домой
9432	живете
9454	Говорите
9474	снимает
9515	много
9518	вагоне
9565	поговорим
9572	живущих
9574	припомните
9575	отдохнешь
9596	сударь
9623	летала
9649	сосет
9671	допустим
9688	дикий
9716	Выехала
9745	Видела
9765	участок
9785	делал
9796	мозги
9801	понял
9837	покойная
9873	улыбнешься
9883	прислать
9916	плечо
9920	громадном
9931	1904
9933	больше
9957	участки
9966	вагона
9974	покидаете
10005	идеал
10009	делом
10020	Опять
10044	желтых
10061	1986
10067	Федоровна
10081	осуждайте
10088	дивно
10095	Москву
10118	обмена
10125	благодарен
10128	грешили
10133	Мужичок
10136	презрением
10168	плохо
10176	окидывает
10255	Кто
10256	крыш
10277	Работаю
10344	промолчала
10365	позволь
10373	отдаленный
10375	починку
10396	Спокойной
10406	Гриши
10414	протянутый
10430	котором
10440	следует
10458	дуся
10461	Леонид
10466	Погода
10481	порывисто
10499	есть
10501	комнату
10503	начальником
10526	Тишина
10558	легкое
10594	остались
10609	известных
10632	тишине
10649	приставай
10656	дурацкая
10664	узнала
10669	заросла
10682	плачешь
10716	покривившаяся
10730	трогает
10742	болтался
10745	советует
10747	подушечку
10767	минута
10802	Значит
10823	думать
10824	тишина
10853	безнравственная
10878	верует
10881	Петрушка
10896	телеграмму
10908	фраке
10958	носится
10964	похолодела
10975	Кстати
10977	Пять
10991	попахивает
11007	Быть
11008	радость
11009	трудно
11071	Туз
11100	честных
11103	оставляю
11135	Остаются
11164	пошлость
11193	наказывай
11272	зрение
11275	направлено
11282	отправляли
11299	Яши
11305	пробовала
11306	пойдем
11312	рылом
11321	смотреть
11326	легкой
11346	окружены
11351	глиной
11364	полной
11371	Еще
11373	студентом
11412	чувствительно
11413	Давненько
11423	рубликов
11434	двести
11464	неудовольствие
11471	подберу
11512	удерживается
11546	шумно
11581	восемьдесят
11582	согрето
11583	невежество
11604	пальцы
11606	потеряла
11619	при
11639	святым
11650	греха
11698	приехать
11715	гул
11719	Троицын
11742	университете
11760	заплатить
11761	Пришлите
11774	книжный
11806	университета
11845	варили
11847	семидесятых
11848	погоди
11871	Все
11896	деньги
11902	которое
11926	бесчестным
11948	переезжаем
11954	музыка
11957	работы
11978	сельтерскую
11989	прощанье
11991	уснул
12010	второго
12027	Бррр
12042	душу
12091	был
12100	рукой
12105	умоляет
12106	вероятно
12120	дрожит
12175	рыдает
12213	больной
12249	вишневому
12254	вторник
12259	про
12266	смазать
12278	мужиками
12329	градусник
12420	Солнце
12440	удерживаясь
12444	с
12452	ходила
12473	скажу
12509	дворянина
12510	воздух
12514	годится
12518	пахнут
12550	белая
12567	пудрится
12582	деревне
12589	танцуют
12613	суется
12651	Отстань
12655	человек
12687	уезжаете
12764	т
12775	Ложитесь
12780	никогда
12801	выразиться
12836	вскочит
12850	существо
12889	октябрь
12905	Епиходова
12908	вернулось
12917	ждать
12923	золотой
12925	держи
12963	танцев
12975	обняла
13031	хоть
13038	играл
13044	свободного
13073	необычайным
13120	Здравствуй
13149	росла
13151	остаются
13159	хочется
13177	шаров
13209	встретить
13223	хотя
13236	Какую
13238	концов
13259	сидит
13266	солнце
13298	Ходила
13301	богата
13323	Обещали
13335	пятнадцати
13351	вальсишку
13354	танцы
13445	собственно
13457	поясе
13459	малейшем
13493	осторожно
13501	Заждалась
13510	Найдем
13544	Налево
13565	гувернантки
13567	слух
13572	приедет
13579	билет
13587	согласился
13595	великаны
13617	нельзя
13619	несчастье
13630	найду
13639	горжусь
13669	Прощайте
13675	Никого
13711	спят
13738	волосы
13769	Кардамонову
13796	свалял
13833	Говорят
13835	соседней
13849	умру
13866	Дочка
13907	философствуют
14010	Согласны
14026	allez
14035	балах
14070	квасу
14080	входит
14092	увольняли
14109	часу
14119	работают
14161	пояса
14163	малейшей
14165	счастливым
14168	надавал
14190	Молчите
14204	блещешь
14216	ногах
14226	принесешь
14250	назови
14259	прыгать
14268	глухой
14271	многоуважаемая
14275	Надоел
14281	женишок
14312	отправил
14313	чистом
14349	разденусь
14366	даст
14372	веру
14385	выжжены
14387	Конторщика
14404	Барыня
14409	отпраздновать
14425	чувств
14466	идут
14496	карт
14512	забыли
14527	лучше
14574	поздороваться
14582	пустынь
14601	чудесных
14607	три
14619	помяни
14639	носу
14666	повороте
14685	пору
14709	лопнувшей
14739	Ответьте
14753	Черт
14756	ключ
14761	выражение
14765	запирают
14798	дядечка
14816	Уходят
14826	придумывай
14840	стаканчики
14853	Леонида
14912	успокоились
14926	ослабел
14939	Нету
14969	относится
14975	Едут
14986	поворота
14988	друга
14994	приятное
15012	стаканчиками
15030	уходят
15032	негодяй
15085	Простите
15101	поют
15124	будет
15126	потолки
15134	Дачу
15150	дают
15176	ничего
15187	насмешливо
15196	прихожу
15229	пришлет
15237	оглядывается
15280	КОМЕДИЯ
15283	уши
15285	восемнадцати
15319	вовремя
15333	Виновата
15335	Очаровательнейшая
15350	кушает
15359	ношу
15367	Хоть
15370	артиста
15380	остается
15382	дочь
15410	Огурчик
15422	переодеться
15431	сломают
15460	верь
15470	Дашь
15495	монастырь
15503	ночь
15526	трачу
15536	тридцать
15545	смейтесь
15566	говорите
15590	мать
15596	смеетесь
15597	лестнице
15629	Мужики
15639	недосягаемо
15643	дурно
15673	сцену
15704	стихает
15714	обратиться
15754	бедняжка
15755	дурак
15782	Франция
15784	вечереет
15785	природы
15799	любовью
15840	останусь
15892	Весь
15899	офранцузят
15908	продадут
15947	душой
16011	Половым
16020	Мальчик
16022	генералов
16033	представляется
16037	Знойкову
16039	Замечательнейшая
16052	вещь
16066	Послезавтра
16079	действовать
16086	захватило
16123	эта
16125	выпью
16136	Варю
16153	возбужденно
16249	нужны
16284	жилетке
16307	сразу
16363	ста
16407	снег
16427	сада
16432	веществ
16460	ставит
16470	реке
16474	любовницы
16477	девочкой
16484	Какое
16498	вскрикивает
16500	ходить
16521	увидимся
16566	томило
16595	Ярославская
16644	предложения
16668	спаси
16686	когда
16697	каждой
16711	Каково
16712	возле
16722	рода
16741	Благодарю
16754	чистоты
16772	Какие
16800	горох
16801	удивительная
16828	девочке
16829	какого
16847	прислуга
16862	возами
16900	тебе
16901	топили
16911	прислуге
16912	тоже
16913	опоздали
16929	кофейнику
16939	червовый
16943	слов
16951	себе
16956	твоей
16957	надеть
16973	сторонитесь
16980	ходишь
17006	Белые
17020	девочка
17037	тополи
17042	досадно
17068	сквозь
17081	одеваешься
17137	скоро
17232	закрыла
17275	Отвыкни
17276	судьба
17293	узла
17302	река
17304	Горит
17308	Фирсу
17322	смотри
17326	господь
17333	переживу
17354	красавцем
17384	писали
17418	виден
17434	происхождения
17465	каждое
17469	свете
17471	одной
17472	твои
17473	глядь
17476	камни
17521	живем
17523	свои
17534	мерещится
17541	Париже
17545	устали
17550	пошутила
17554	упоминается
17558	вдали
17577	Подумайте
17579	сами
17640	играйте
17664	Проценты
17679	милостив
17709	угол
17725	жизни
17732	воздуху
17734	существуют
17740	тогда
17764	Какой
17773	какова
17812	живших
17824	занавесей
17836	обманывать
17841	чего
17854	Извините
17866	садовник
17868	спите
17891	выходной
17900	Павлович
17925	Трофимов
17951	одним
17965	Спасите
17967	биллиардный
17977	Скоро
17978	ради
17979	милость
18004	17
18018	Приезжаем
18026	рано
18083	смеха
18121	уехала
18130	никто
18178	шаги
18198	реви
18227	декадентах
18228	цвел
18245	Парижа
18270	дорогу
18275	прыгала
18278	бросаются
18325	жалко
18328	Шесть
18330	показывается
18337	подушек
18339	философствуем
18349	узел
18372	новый
18373	около
18394	Играет
18410	мужичок
18429	света
18431	одном
18435	час
18463	состояние
18477	бросается
18497	Заперто
18521	бодрость
18525	поди
18547	придем
18575	дойдет
18577	знал
18590	безобразию
18591	доверенность
18617	задумайте
18623	высокой
18624	знаете
18626	Идем
18635	Само
18654	утомлена
18668	окно
18674	дело
18677	Выпей
18686	моей
18699	сих
18706	сырость
18712	Кого
18723	кулак
18729	учатся
18731	Сиди
18744	Преклонный
18782	делают
18793	появились
18799	Продан
18802	Шарлотте
18812	садиться
18813	поговорю
18883	правой
18895	ноги
18915	платьем
19006	дыхание
19013	Голоса
19019	небо
19023	Совершенно
19036	проносит
19046	танцевали
19050	улыбаясь
19054	фуражке
19086	иной
19088	доехали
19095	рот
19122	Шарлотта
19134	дали
19157	отдам
19181	заем
19232	понимаю
19281	Чего
19300	поддерживая
19304	успели
19324	жили
19331	Дуплетом
19351	надо
19410	ночевать
19427	Покорнейше
19444	Один
19450	грязь
19453	помещик
19455	всего
19461	девушка
19463	шею
19490	подкладкой
19523	чаю
19527	кавалеров
19540	взыскиваю
19553	слышен
19597	Поле
19606	долг
19615	Шкафик
19625	шкафом
19642	вроде
19643	хочешь
19675	Хотелось
19684	Тебе
19691	Баба
19694	даже
19716	одна
19726	дама
19730	Круазе
19747	правда
19773	пока
19804	лакеям
19814	Нездоровится
19824	Киев
19843	ремень
19859	больницу
19883	Вечный
19976	вида
20001	роскошным
20026	понять
20040	человеком
20044	Окна
20050	Дела
20060	кроме
20100	туловищем
20131	вдогонку
20135	дразнят
20141	малограмотный
20166	настанет
20168	Жениться
20195	правде
20204	Прежде
20217	необычайности
20219	прадед
20232	случится
20246	племянница
20249	чудесное
20271	карман
20277	зова
20318	тяжелый
20366	звоном
20383	Экие
20390	Мама
20401	плод
20411	детство
20447	Постарел
20461	Хочешь
20467	Боже
20505	ящик
20513	дачные
20534	второй
20546	учишься
20574	руки
20575	Пантелеич
20576	потасканной
20588	неведении
20617	ясли
20640	укажу
20656	человека
20661	бесперечь
20665	надумаем
20677	об
20693	идешь
20705	спокойно
20712	учиться
20733	иронией
20742	мужиком
20762	вишни
20792	Заплатили
20799	этой
20805	же
20827	внуки
20834	Старая
20861	учил
20880	пожалуйста
20917	ее
20945	идеалам
20954	кофий
20980	Понятное
21013	помню
21020	глядят
21026	Николаевич
21036	десятого
21044	старая
21072	класса
21093	ярко
21104	Земля
21135	бывало
21139	душами
21159	верно
21182	ничто
21217	театре
21224	Человечество
21235	поскорей
21247	этом
21261	бессмысленно
21267	стал
21278	фиолетовая
21279	этим
21288	землю
21301	Эй
21356	бледна
21360	человеке
21363	шкафу
21386	мистическое
21388	пользовал
21396	Задумал
21407	Трофимову
21411	дуплетом
21413	из
21425	жаром
21435	вещей
21442	счастье
21481	ясно
21494	втором
21502	Дверь
21507	сюда
21572	распустили
21573	подох
21585	Пойду
21621	но
21640	письмо
21643	смысл
21675	плакала
21685	ей
21709	Пустые
21712	знает
21792	лезгинку
21793	только
21809	вероятности
21814	второе
21825	Поеду
21844	drei
21855	взаймы
21863	видишь
21908	дорогая
21916	точки
21932	словом
21944	горячо
21946	порядки
21957	он
22011	дурака
22024	дадут
22040	студенческом
22042	добру
22043	весна
22050	читать
22063	разберут
22079	палку
22085	холодно
22091	прислала
22100	молчу
22123	баста
22130	лишнего
22134	говорят
22135	Только
22148	десятине
22181	до
22185	возвращаться
22193	взяла
22237	бутылку
22261	ни
22289	молчите
22293	ли
22294	движения
22307	Тетка
22309	глину
22330	минут
22341	во
22348	сердитесь
22354	кресла
22402	Слышится
22410	сливки
22432	France
22460	восторге
22484	Лошадь
22492	Голос
22499	фальшивые
22515	поскорее
22516	ВТОРОЕ
22523	перевернуть
22527	постарел
22564	Удивительно
22565	Да
22596	Куда
22606	genoux
22618	дяде
22633	Люба
22638	которых
22658	мебели
22693	луна
22694	раздумье
22719	семилетний
22741	За
22742	щеткой
22779	Ему
22835	чтобы
22837	Не
22841	вышла
22871	ручаюсь
22887	добрая
22888	разобраться
22923	Выходят
22961	Дядечка
22969	сожаления
23011	владевшие
23043	стучит
23045	выход
23055	Ухожу
23077	прошла
23098	Научите
23107	пришла
23141	задумавшись
23191	думала
23217	горьком
23260	Ивановна
23267	Сюда
23275	приду
23285	На
23293	рабами
23303	моя
23307	Нет
23352	уплаты
23367	прохожему
23383	Иду
23389	вчерашнего
23411	полегче
23419	отходит
23441	огурцов
23447	неизвестно
23490	неважно
23556	всей
23570	спрашивать
23573	Яшей
23612	Можете
23617	сиянием
23666	вздыхает
23671	Для
23682	Люблю
23695	было
23701	dames
23741	длинная
23749	Ой
23759	Ваш
23778	чепуха
23785	Пришли
23787	правы
23801	совершенно
23828	помогать
23833	вышел
23835	взглянуть
23840	проценты
23867	душистая
23897	люди
23905	страшного
23906	приехала
23963	Наш
23966	извините
23975	Аню
23982	которую
23987	изменилась
23999	жду
24016	сушили
24024	драть
24051	Если
24055	подают
24059	Чтобы
24063	Этим
24064	Показывается
24079	были
24117	пьем
24148	платье
24163	пришел
24189	хозяева
24193	прочим
24231	мир
24233	прощай
24254	Руки
24263	ухожу
24277	По
24293	добродетельно
24295	измучил
24299	мальчик
24308	покорный
24323	пор
24339	наигрывая
24361	Чудо
24365	скатерти
24401	прочел
24449	рассчитывать
24457	Харькове
24495	вот
24507	нос
24516	всем
24523	притом
24534	глазами
24538	верьте
24581	молочным
24595	встревоженно
24611	стук
24626	нашли
24633	другим
24655	поправляет
24669	смелее
24695	климата
24712	слышать
24725	листка
24748	глядит
24773	та
24789	опрокинул
24803	смотрит
24807	ключи
24819	отдавать
24820	аллея
24850	неделе
24856	первых
24861	хватит
24909	подготовлюсь
24938	высыпает
24949	сверху
24962	милая
24964	венчались
24976	колоду
24984	наедине
25001	собирались
25024	нежное
25026	родного
25044	гитару
25049	другом
25068	вчерашний
25098	сняла
25113	другой
25116	Выдать
25127	поглядел
25160	понимающие
25179	шахтах
25201	Госпожа
25203	зверь
25228	свадьбе
25263	останавливается
25264	полюбим
25292	голоден
25311	всё
25331	будущее
25349	те
25375	ласкалась
25387	ДЕЙСТВИЯХ
25391	Барин
25396	головой
25400	шепот
25405	скука
25445	сундук
25460	мороза
25463	пустой
25490	нашей
25499	экономии
25565	Здесь
25584	плачь
25585	утро
25589	се
25599	продать
25624	может
25634	Дойду
25643	Великом
25644	завтракать
25647	кончились
25677	имеет
25682	отправили
25707	Россия
25741	сошли
25767	кончилось
25792	нежной
25795	нечистота
25798	говорит
25802	умрешь
25809	Господи
25832	труд
25845	воздушном
25862	большинство
25876	живишь
25886	беседке
25896	терпения
25930	скрипят
25964	горько
25970	конторщик
25974	способно
25994	пускали
25998	стаканчик
26016	знают
26027	сделал
26061	ездили
26077	поговорит
26109	сорок
26126	веселое
26134	немало
26164	силами
26187	мочили
26195	remerciez
26206	Наука
26228	болезнь
26237	дачами
26258	дразните
26259	отдаст
26279	цветок
26310	боится
26361	другие
26364	русака
26390	вдруг
26393	другое
26405	сколько
26408	скакать
26411	сделан
26455	удержит
26465	сыграть
26479	веером
26492	плечу
26506	смертью
26521	нравится
26526	станции
26542	слушают
26599	собрание
26620	слуги
26636	выше
26654	Варвара
26669	мальчонком
26672	собачкой
26710	великанами
26728	давали
26757	прочитав
26770	укором
26784	дурацкие
26795	Напугал
26798	плохой
26811	сладкая
26825	груб
26844	О
26853	Молодо
26858	давайте
26880	возможно
26888	тишины
26896	происшествие
26902	подагра
26907	пьесу
26940	громадного
26942	друг
26950	ключей
26973	голубое
27036	подумать
27060	платок
27070	Ein
27078	раздается
27098	духа
27148	интеллигенцией
27174	Дрянной
27177	неумен
27180	страшной
27184	настоящее
27186	привыкли
27207	Далеко
27210	верстах
27228	И
27231	вся
27268	копейки
27311	хищный
27315	старинной
27322	наставительно
27348	налитыми
27355	старшим
27367	разговоры
27402	Красавица
27420	Л
27451	Прошу
27497	помните
27501	свободны
27517	приказано
27567	меняется
27579	Нечего
27604	пальто
27648	радости
27670	приятно
27675	старшие
27689	прости
27715	временем
27717	Guter
27722	души
27731	пух
27733	песенку
27737	покажу
27771	милосердный
27783	подает
27804	пошлости
27816	молодой
27826	попросту
27847	разные
27855	сначала
27869	глядела
27888	настоящем
27895	Неужели
27902	устроить
27912	погоду
27916	лошадях
27921	Покончим
27927	поздравляют
27933	допущу
27936	алмаза
27945	вишневого
27992	рублей
28003	флейта
28067	кормит
28090	просить
28102	поглядела
28124	В
28131	почтеннейшие
28140	займется
28175	наполняют
28180	пальца
28188	Поторапливайтесь
28213	работе
28214	лекарства
28256	оставь
28265	проходить
28280	запереть
28291	Пьесы
28304	насчет
28313	серьезных
28315	поднос
28318	которая
28329	просто
28348	рубили
28358	дверях
28373	гоняла
28459	ест
28473	роняет
28477	древний
28504	женщину
28515	Яшу
28537	угощение
28571	Замолчи
28572	cavaliers
28579	Пью
28589	разочек
28629	пьян
28638	ливрее
28648	взойдет
28675	самой
28683	Дорогой
28685	надевая
28700	п
28745	башмаках
28751	будьте
28779	порцию
28783	обманете
28852	сильно
28908	признаться
28925	полусне
28927	Отворяется
28930	вскрикивают
28940	гордом
28948	прекрасная
28965	уезжала
28978	шаре
28992	играть
29007	силен
29037	одинок
29040	голосов
29079	Бедная
29121	собой
29126	поведения
29129	чистая
29158	белое
29164	одного
29166	непонятно
29179	Слыхала
29216	часовенка
29248	брошка
29267	хозяйству
29268	минуточку
29294	обстоятельства
29339	сидел
29341	Спасибо
29342	молитвах
29347	пишут
29382	скамья
29385	сегодня
29396	целый
29426	шара
29431	переродило
29433	колокольчики
29438	Однако
29463	пятнадцать
29483	решить
29492	впереди
29526	назад
29532	увязывает
29553	купила
29571	Каждый
29577	посту
29632	Чувствуется
29635	самом
29644	ближе
29660	к
29672	крепостным
29716	учитель
29725	Пускай
29744	схватив
29747	странно
29750	существует
29761	ненужного
29788	а
29812	городе
29819	поделаешь
29820	накурено
29821	повидаться
29851	соседних
29890	беден
29892	некуда
29893	реверанс
29917	бросьте
29919	собирается
29922	придумаем
29926	белой
29953	ужинать
29955	самое
29964	бабушка
30012	зеркальце
30100	задумались
30127	привели
30144	слова
30150	Ежели
30187	Пропали
30190	Семен
30214	шляпу
30237	велела
30238	звучащий
30248	тихо
30268	спала
30274	надел
30302	принесите
30339	физиологически
30366	такта
30373	сжала
30405	начался
30412	бабушке
30425	дереву
30428	ж
30442	волоса
30502	белом
30507	et
30511	нежно
30531	старичок
30545	замучился
30555	поехать
30560	любезный
30561	велика
30590	виляй
30594	сдержанный
30597	шутить
30620	гость
30622	телега
30625	Вбегает
30634	покупает
30644	города
30676	целые
30704	ударило
30727	Среди
30740	родину
30766	делает
30811	вылакать
30814	Дачи
30849	роскошнее
30857	пройти
30876	С
30920	Тихо
30948	пусть
30959	прийти
30971	смысле
30993	стала
31007	голова
31052	призрачное
31064	вспомните
31086	умолчать
31113	словаре
31115	предлагаю
31118	науках
31120	представить
31150	Быстро
31156	вещи
31167	мягкая
31178	кричала
31201	раньше
31208	ручку
31235	пойдешь
31237	паук
31245	перевод
31259	привык
31301	хватает
31318	поедешь
31380	начинается
31416	стаканчику
31439	принял
31455	голове
31460	брючки
31477	звук
31487	Браво
31496	Ваши
31609	нужен
31631	ночи
31636	будем
31664	тридцати
31670	лорнеткой
31681	торжествуя
31683	учу
31707	орехи
31753	музыканты
31761	страстно
31767	наше
31776	десятин
31801	нужна
31810	zwei
31816	Варе
31846	Потерял
31848	искупить
31853	лестницы
31858	еврейский
31889	леденец
31896	вечерний
31919	слезами
31925	восемнадцать
31951	среди
31972	Сергеевич
31976	ваше
31977	вчера
31987	смущен
32015	обобрал
32028	четырем
32033	встретятся
32049	лица
32050	навсегда
32081	мычит
32082	отпирает
32104	Сумма
32161	неприличное
32173	леса
32182	Найдутся
32199	весело
32200	Дуняша
32238	Называют
32264	Дуняше
32276	процентов
32290	ошибаюсь
32317	Пора
32327	Пожалуйте
32328	пользы
32330	мере
32378	верили
32394	золото
32435	вещами
32437	паре
32443	последней
32456	кофе
32489	природа
32500	Трофимовым
32510	картина
32517	ярмаркам
32522	утирает
32538	дорожной
32552	ваша
32584	тетушка
32596	тысячу
32608	папаши
32631	весной
32634	первого
32645	вздохнув
32678	разбила
32690	бумажки
32711	отставай
32721	горд
32725	сорить
32727	наша
32745	имения
32797	какие
32803	досадой
32806	исчезает
32827	рада
32846	многоуважаемый
32927	такой
32928	гляжу
32930	сова
32931	анчоусы
32948	глубочайшие
32951	Когда
32968	уехали
32971	раза
32978	патер
33005	опоздал
33057	перестрадать
33095	отвечает
33104	примете
33129	третьей
33142	горохом
33153	твое
33154	танцуя
33179	покупать
33182	бывшие
33192	читаю
33200	цапли
33202	свое
33214	пардон
33237	тобой
33246	Устала
33271	деревья
33277	какое
33281	горит
33298	самый
33299	третьего
33326	парами
33339	сердишься
33393	сочетаешь
33416	устала
33417	станет
33440	почистить
33450	сама
33458	россиянину
33471	таким
33472	попытать
33474	везде
33491	Видна
33541	тоном
33567	Возьмите
33589	женитесь
33595	нимфа
33603	Приехали
33611	рукомойнику
33631	таком
33644	твоего
33654	месяц
33681	потянуло
33692	держать
33694	Уехали
33713	застрелится
33718	чревовещательница
33719	крепостники
33726	Местоположение
33743	понравился
33783	местам
33857	того
33888	неправда
33890	таинственный
33900	несчастлив
33915	Пищика
33919	такие
33921	твой
33950	бывший
33956	ждали
33970	свой
33983	разбудить
33985	мечтала
34045	какой
34049	спеша
34061	штучки
34063	Вдали
34069	касаясь
34122	здравствует
34138	способ
34158	револьвером
34165	Ведите
34179	массы
34189	прощаться
34199	реки
34207	такое
34235	Скажите
34246	Какова
34278	гостиной
34316	Способ
34317	убеждения
34330	болтаются
34339	Нарочно
34348	знаменитый
34361	волей
34380	увидишь
34396	Около
34435	шумного
34445	мариновали
34495	нанял
34499	песню
34525	каким
34551	белый
34568	книги
34575	босиком
34578	самые
34595	Видом
34608	хвалят
34623	семенит
34635	Никто
34646	село
34652	упал
34670	тонкие
34673	играет
34694	Одним
34755	вернешь
34763	видно
34827	дорожные
34840	Яшнево
34867	дней
34874	Сдал
34896	вечера
34923	Знаете
34948	молодость
34957	закатим
34981	будто
34991	моим
34999	мало
35038	Покорно
35047	мимо
35054	порочна
35088	знай
35097	Коли
35162	работаю
35165	ждал
35167	стеснить
35177	фигура
35198	озябла
35201	встречал
35205	одно
35235	враги
35239	бормочет
35246	умилении
35254	Надо
35264	самовар
35267	глубокая
35268	продан
35285	один
35286	осматривает
35302	выдержу
35303	неподходящие
35308	ВИШНЕВЫЙ
35309	кругом
35403	осени
35404	звезде
35405	утонул
35408	сложена
35415	Аней
35418	Подробности
35425	Твой
35449	Облезлый
35466	банк
35472	дальше
35492	удержу
35497	фигуре
35504	Знал
35531	мной
35550	тех
35555	идем
35562	него
35566	голоса
35573	крики
35578	ДЕЙСТВУЮЩИЕ
35589	одни
35592	сударыня
35641	кого
35660	Отдам
35689	вами
35693	выдвинул
35708	выпил
35730	купил
35734	нами
35792	спьяна
35817	сдержанно
35827	днем
35831	Помнишь
35848	Гаев
35861	вела
35879	говори
35889	образованный
35914	Сама
35943	дома
35944	покорнейше
35949	окна
35955	дела
35964	пустяшная
35988	должны
35996	напомнить
35997	палкой
36008	Отвезли
36031	дала
36043	справьтесь
36045	книг
36060	зима
36064	старо
36070	брата
36085	оглядки
36086	Слышно
36090	скупости
36096	вечный
36147	начать
36152	вязка
36168	Действие
36188	глаз
36204	пола
36217	родную
36231	мама
36232	Правда
36239	сочная
36246	ниже
36280	ангелы
36288	плед
36306	боже
36318	состоянии
36320	желтого
36339	хвостом
36344	вернешься
36359	побыть
36383	делать
36390	затворяет
36423	прежде
36449	забыть
36454	затеяли
36464	предупредить
36486	девать
36494	едва
36496	года
36526	комнатах
36528	подумайте
36544	вечным
36548	поговорить
36554	баба
36559	Даже
36575	вреда
36591	неисправим
36610	бога
36619	отношения
36625	восьмидесятых
36627	чтение
36630	беда
36636	Пока
36645	Одна
36654	Недаром
36675	деда
36677	вниз
36684	зале
36714	цилиндре
36748	ЧЕТВЕРТОЕ
36768	слышно
36775	доме
36779	думайте
36781	окне
36787	деле
36804	Занавес
36811	цельный
36838	калашный
36860	слыхом
36880	Человек
36883	вашем
36891	добры
36904	познакомить
36948	упаду
36971	общем
36987	порядке
37031	закладной
37040	взяли
37051	Андреевна
37085	напевает
37100	позволить
37105	озабоченно
37108	на
37109	царство
37118	четыре
37140	ла
37147	поздравляю
37157	Успеешь
37160	удержаться
37196	Идешь
37212	Натерпелась
37219	читают
37222	Дойдешь
37226	слегка
37231	Косой
37268	ропщу
37276	покойный
37288	четверг
37327	шароварах
37328	здравствовать
37362	верится
37372	найдите
37373	une
37389	тальмочку
37412	да
37444	То
37465	облезлый
37473	господах
37477	Точно
37479	дверь
37493	обещала
37495	проститься
37500	иметь
37548	покоя
37556	Со
37558	битый
37565	вошел
37579	фокус
37588	за
37592	боялась
37604	аукцион
37608	Жарко
37616	Ефимьюшка
37618	стон
37644	сказках
37681	Торги
37682	этакой
37684	не
37691	Варин
37727	уходить
37755	Андреевне
37756	бросила
37757	чиновник
37772	Помню
37802	ненадолго
37807	рассказывал
37813	сошелся
37816	ушел
37823	сошлась
37836	немножко
37841	нежные
37843	вашей
37875	серьезны
37877	одетые
37907	Борисович
37908	Уж
37910	железную
37953	неуважительный
37968	заеду
37988	мандолине
37992	урод
38000	хозяйством
38003	маленькой
38030	поклонюсь
38042	зовет
38046	грустно
38100	по
38102	печаль
38104	поеду
38109	словно
38112	немногие
38116	им
38128	провожу
38173	туда
38186	сильном
38196	ел
38225	десять
38268	проживу
38287	возьми
38303	руке
38315	ногами
38334	богатого
38340	ко
38344	пойду
38351	рыба
38354	Счастливая
38373	сломал
38378	изумительный
38381	лучшее
38388	происходит
38453	могут
38469	голос
38495	рука
38501	сиплым
38506	видеть
38523	Ницше
38536	несчастьем
38537	приезжай
38544	ЛИЦА
38563	Минут
38564	ан
38566	видать
38573	точно
38587	окончательному
38606	Крошка
38609	нежный
38638	суде
38653	русским
38656	Серебра
38667	Слышатся
38697	обозначается
38698	mortale
38719	понадобились
38723	Первая
38752	мундире
38769	годах
38783	лошадь
38786	Весна
38795	Словно
38804	чтоб
38808	ушла
38820	мандолина
38861	Молчу
38905	торги
38919	разговоров
38923	декламируя
38926	была
38953	небольшие
38958	Вот
38973	страшный
38983	возвращается
38988	сделайте
39028	Лопахину
39042	стучат
39043	уснула
39061	Посмотрите
39067	пилюли
39069	зонтик
39072	Вышла
39074	старинный
39114	Сию
39117	подвела
39130	обращает
39147	любит
39188	прорва
39238	даю
39245	мелкий
39268	Ме
39302	картин
39328	легкомысленных
39332	Из
39355	вопросы
39411	могильными
39429	часовни
39435	Евстигнея
39446	дня
39450	наш
39525	куда
39544	отделенная
39546	размахивай
39554	камердинером
39574	недоумением
39578	детской
39588	туфли
39619	помутилось
39628	против
39642	кухне
39675	узнайте
39677	монашку
39713	заплатили
39737	Поймите
39743	возьмите
39758	ваш
39766	градуса
39779	приехали
39802	высохла
39807	улыбкой
39851	контрабас
39859	проходит
39863	голодному
39878	мою
39879	Съездили
39886	главное
39923	пристава
39926	для
39938	лет
39940	плитами
39961	полюбила
39982	Были
39984	Любовь
40002	пришли
40011	пустота
40029	опираясь
40047	кошелек
40070	Моя
40074	нет
40084	Гм
40087	можете
40092	Лопахин
40100	До
40145	прикажете
40147	Серьезно
40150	иду
40154	изменилось
40158	осенние
40196	полезный
40209	струны
40219	люблю
40260	Во
40280	Ушел
40282	них
40294	Аня
40299	подавал
40334	вас
40340	безнравственный
40365	мелкое
40376	вышло
40407	некогда
40418	упадут
40421	Всем
40428	хозяйка
40447	дадите
40450	Прощай
40455	Впрочем
40467	семнадцать
40562	скрывать
40564	Но
40565	возраст
40578	пот
40612	прошло
40617	настоящего
40628	Ей
40648	Пришел
40723	труда
40727	необразованная
40740	ресторан
40750	видались
40765	честнее
40769	прощения
40772	Начальник
40817	Верьте
40826	ему
40838	дач
40846	сестру
40881	очки
40900	Он
40914	если
40927	отчаянии
40953	минутки
40965	выстрадал
40979	читает
40987	Милая
41044	слыхать
41064	потому
41066	paire
41085	барышня
41108	уа
41126	цветов
41143	нищий
41164	раздавил
41186	стул
41199	слушать
41233	заплатим
41267	Почему
41275	отъезжающими
41346	утомилась
41370	понимаете
41383	смогла
41406	страшно
41414	забрали
41452	Сейчас
41468	покойней
41486	сыро
41491	нашел
41492	уж
41534	смрад
41540	здесь
41543	большинстве
41577	помереть
41630	находится
41634	цепочке
41641	банковский
41654	барин
41655	выдать
41658	сейчас
41678	старикам
41680	Господа
41692	откроется
41697	знать
41698	отдать
41715	посижу
41759	громаднейшего
41770	насадим
41786	экономки
41799	клочка
41808	мальчиком
41821	Кончила
41866	наследство
41897	приехал
41948	Пустой
41984	занят
41985	привезли
41991	способом
42014	поверенного
42031	Раневской
42034	между
42035	музыкант
42037	смеются
42038	смирный
42052	то
42063	сапоги
42071	родители
42075	Приветствую
42111	веселее
42154	Россию
42156	Счастьем
42164	со
42194	будете
42195	недели
42223	поищите
42230	селедкой
42236	покойнее
42245	побывать
42261	леденцах
42272	биллиарде
42293	Слуга
42327	отворяет
42357	показалось
42369	Может
42423	нищие
42435	народ
42446	кончилась
42477	страдали
42487	съездить
42533	карта
42541	бокового
42558	мамочка
42570	выйдут
42573	моему
42586	Оставьте
42629	глупая
42639	Вдруг
42685	англичане
42737	чемоданы
42790	железная
42864	утра
42871	поспею
42882	учителем
42889	Смешной
42896	дачник
42903	рассуждать
42904	идиот
42909	убегает
42928	ласково
42951	сером
42996	сказать
43037	П
43074	леденцами
43086	молодо
43090	азиатчина
43112	славная
43116	полведра
43204	подлеца
43206	поданы
43214	Выходите
43237	Франс
43283	просыпалось
43331	ясную
43332	изменился
43352	Наступает
43353	женщины
43357	М
43359	боитесь
43364	ужасно
43381	положив
43383	дверью
43403	душе
43432	глубоко
43435	двадцать
43441	рублю
43453	отца
43473	круг
43490	сделали
43498	болезней
43528	торговал
43531	принимать
43555	спрашивает
43570	Ужасно
43574	вырубить
43595	душа
43611	любят
43636	гимназист
43639	совестно
43641	несчастливая
43678	всю
43682	прошу
43697	дрожу
43703	лекарство
43712	строк
43722	фокусы
43740	глядели
43756	далеко
43779	окружном
43784	Другого
43792	нечего
43800	вытерла
43804	усмешкой
43813	локоть
43826	Дашенька
43871	плоско
43892	револьвер
43894	подносе
43901	деликатная
43903	Пальто
43909	бытие
43933	уверена
43959	Закрутишься
43965	Направо
43997	К
44052	стула
44063	Узнает
44083	привыкла
44088	откажет
44100	комната
44125	А
44137	горничная
44161	рядах
44165	полежу
44205	позову
44213	платке
44239	Толстого
44255	schlechter
44286	Тут
44297	чемоданов
44315	Позавчера
44351	побегу
44380	заболел
44419	мясо
44449	душечка
44453	пошатывается
44456	Выводят
44498	прочь
44510	Вся
44572	приказала
44619	Отправили
44630	руками
44649	давала
44714	нравственная
44722	помнит
44729	девяносто
44743	взглядом
44747	Оставь
44752	пути
44762	думаю
44765	подумают
44784	Птицы
44818	любить
44826	пьесы
44837	Михайловна
44838	глазах
44849	заплатите
44858	перестать
44878	минуту
44900	теряюсь
44907	Конторщик
44922	сочинений
44932	комнате
44937	зрения
44992	пяти
45008	глубине
45009	телеграмма
45017	сознаться
45023	занимаешься
45040	горизонты
45057	кармана
45081	матерью
45095	конце
45107	хорошие
45117	спали
45130	Скворцы
45154	энергия
45176	ждете
45178	банке
45208	смешно
45263	ослабевал
45277	о
45279	машет
45281	Уходите
45284	Будьте
45326	кажется
45341	пощадите
45347	Проходят
45374	боковой
45377	слово
45429	зарыдаю
45437	всегда
45447	чувствую
45451	Двадцать
45481	чертовски
45520	Пожалейте
45528	существую
45544	своем
45572	строгое
45589	свинья
45590	Вырубить
45593	дачников
45602	садом
45608	своей
45631	крайней
45634	смело
45638	Одета
45647	высказать
45653	однако
45660	часа
45661	и
45682	негде
45718	охотку
45756	надежды
45772	пойдемте
45783	перчатки
45801	покончить
45822	боковом
45830	получить
45841	честь
45864	каждый
45890	графине
45912	темной
45960	языком
45979	картонку
46017	кармане
46041	тонкого
46042	Купила
46052	строгие
46056	покупку
46058	Багаж
46066	кончить
46125	ошибок
46141	Напоминаю
46168	Смейтесь
46175	ежели
46204	держит
46237	б
46245	постельку
46249	слава
46252	Страсть
46336	почты
46380	болен
46383	играю
46387	хороший
46388	уйти
46497	ребеночек
46501	поубрать
46509	Долголетний
46530	ездил
46557	в
46564	получил
46577	голосом
46588	топора
46593	играют
46599	постройки
46630	серо
46639	двумя
46641	Продано
46672	цените
46682	переднюю
46699	построили
46707	никак
46749	пожелаете
46770	несчастья
46794	отчетливо
46795	вокзале
46819	теплое
46831	обстоятельство
46857	говорится
46868	24
46869	демисезон
46884	уезжали
46916	уезжаем
46941	д
46952	пришлось
46982	желаете
47027	Епиходов
47075	счастливы
47079	бегал
47093	предчувствий
47112	чудесный
47116	присовокупить
47157	прислал
47160	фортуну
47224	стола
47259	распорядится
47274	паспорта
47288	нужно
47291	пятьдесят
47342	зазвать
47363	Калигула
47365	быстро
47376	Который
47379	Ничему
47381	этаже
47389	У
47391	портмоне
47395	шутит
47399	средств
47401	ваши
47433	тетушки
47457	папаша
47469	взял
47481	сукна
47485	Пусть
47497	Вари
47536	лицо
47559	Чувствительно
47565	необъятные
47574	наши
47580	лето
47597	Симеонова
47657	сапогах
47663	начнет
47679	резиновых
47694	влюблен
47742	тут
47743	дачи
47754	поймешь
47783	положении
47849	грязные
47850	некрасивый
47878	услышали
47937	Карп
47974	браво
48021	Сядем
48058	эту
48073	Дуняши
48082	правый
48083	увидев
48088	Стали
48120	карманные
48121	Договорилась
48125	покойны
48156	пора
48157	Я
48184	следовало
48197	супом
48221	постарели
48226	дышит
48304	Сцена
48307	акта
48311	ладони
48316	Часа
48323	увидим
48342	призыв
48351	назначены
48361	Кофе
48365	просыпается
48389	понятным
48392	чудесные
48415	Начинается
48426	последний
48456	неясно
48466	идеалы
48468	сочувствую
48496	Вчера
48499	простых
48528	стало
48635	Конечно
48655	говорить
48658	раздала
48675	свирели
48685	этого
48713	родная
48732	Солнышко
48762	оставьте
48797	шакалы
48808	пледом
48839	настраивается
48841	Ваше
48860	замечаете
48865	беспокойтесь
48870	пропадай
48884	выкурить
48891	гордость
48901	Детская
48907	стянутая
48912	стали
48956	подурнели
48987	лунные
48989	сядем
49011	акте
49027	дурного
49029	сякой
49066	столовой
49071	дорожкой
49101	другу
49133	пчелка
49154	Барышня
49158	немцы
49189	желает
49193	Столик
49232	божья
49262	тринадцатый
49282	шпильки
49333	тревожная
49349	предчувствую
49350	бадья
49351	волновались
49405	Вишневый
49406	Неприятно
49437	какая
49438	писем
49439	бесстыдник
49484	вполголоса
49514	передней
49523	состоялись
49528	зачем
49538	прыгает
49541	тебя
49559	Благолепие
49579	нехорошо
49590	себя
49591	Такая
49594	силы
49622	предлагается
49631	дороге
49633	желаю
49642	смею
49667	хорошую
49671	пахнет
49687	случиться
49688	жаловаться
49695	дорога
49702	назвала
49719	миллионером
49732	пошло
49740	усидеть
49780	затей
49788	Досада
49790	церковь
49797	предложение
49808	чемодан
49824	глупо
49830	родится
49839	господа
49857	твою
49867	съедает
49902	биллиардную
49906	свою
49925	новую
50015	необходимо
50017	вперед
50043	рады
50047	столик
50060	закрывает
50082	взыскивать
50084	Жизнь
50092	свечу
50117	воздухе
50143	сценой
50151	сказавшись
50189	столько
50191	ствола
50210	Париж
50218	сижу
50242	Выносите
50248	книгу
50253	нескладная
50265	густые
50291	поставить
50312	печальный
50337	Алексеевич
50359	дитюся
50376	существом
50386	Предмет
50396	например
50408	откуда
50446	Тасуйте
50457	играешь
50459	Входят
50475	теперь
50477	спишь
50496	После
50504	умер
50513	живыми
50519	совершенствуя
50524	высшему
50532	болван
50538	саду
50551	триста
50559	такая
50625	Волгу
50646	Пауза
50690	разрушаешь
50694	Егору
50705	мечтаю
50708	посреди
50749	судьбу
50753	Мамочка
50755	Видит
50770	велит
50778	Сколько
50790	места
50791	Перед
50798	тонкая
50805	покончено
50813	Теперь
50821	понимают
50822	Каковы
50839	конец
50864	окнах
50865	тому
50876	взошло
50903	реку
50909	Фирса
50917	прекрасный
50936	панталонах
50947	предложите
50967	деревцо
50979	клетчатых
50993	принесу
51029	собаки
51040	кофейника
51049	Чехов
51051	шкаф
51054	кончено
51056	примеру
51097	готов
51098	звука
51132	Укажите
51166	кулаком
51175	Пантелеевич
51182	боковую
51226	нему
51233	знаешь
51236	глядясь
51240	воспитывая
51252	Уезжаю
51260	букетом
51269	одну
51282	усидит
51289	утром
51298	правду
51327	поновее
51348	должен
51350	Всему
51405	Живу
51407	отвести
51472	сложены
51508	Владеть
51531	подальше
51547	небольшому
51573	приметесь
51581	останьтесь
51593	заработал
51595	Шкаф
51630	той
51642	хам
51657	кому
51671	двор
51676	пугают
51701	ненастной
51710	доктору
51717	одет
51730	умерли
51811	идет
51815	говоря
51822	том
51826	погодите
51830	Четыреста
51837	похожий
51858	вертишься
51871	могу
51899	выглядишь
51926	повеселели
51948	трогательные
51991	смущении
52005	грустную
52041	виду
52056	посадил
52066	уезжаю
52087	другого
52102	выросла
52112	оттуда
52120	проект
52161	воду
52162	направо
52166	шел
52170	САД
52187	границу
52201	одевайся
52203	отвратительные
52215	Режу
52222	Должно
52229	Ведь
52246	род
52250	сне
52255	время
52274	уме
52276	Ступай
52283	Комната
52318	прямо
52337	достану
52363	мною
52367	лягушек
52369	Утром
52382	сущности
52408	поездом
52416	оставаться
52418	высшей
52449	понимал
52461	живы
52525	очень
52538	закоченели
52571	ПЕРВОЕ
52608	ехать
52612	Позвольте
52623	безобразно
52637	жаль
52664	Идемте
52679	кушать
52688	годы
52702	Душечка
52703	недовольным
52721	воля
52737	Кланялась
52754	Анастасий
52782	завтра
52835	простой
52861	Федора
52926	склонилось
52935	мамы
52958	пожалуй
52959	говорила
52965	объявите
52969	вдумайтесь
52979	увидят
53004	Поля
53022	усиливается
53023	Убирайся
53059	Рагулиным
53066	сад
53072	знаю
53076	сушеная
53093	Тебя
53102	входя
53116	позволил
53131	глупость
53133	vos
53134	размахивать
53148	зимы
53150	стыдно
53168	Помолчи
53196	залы
53204	должна
53212	сорока
53217	Воды
53219	глубоком
53229	мраком
53234	ума
53235	Шарлотту
53248	деликатно
53253	десятину
53262	счет
53263	посеял
53295	посылаем
53315	счастья
53340	палочку
53364	бы
53372	хлопочет
53375	лошади
53376	Идите
53380	вы
53391	кланяется
53420	светло
53421	Дайте
53462	партию
53476	узкой
53478	таракана
53480	тополей
53495	поцеловать
53507	дворе
53509	решается
53563	книгой
53567	огромадная
53571	ваших
53581	испугалась
53617	Кажется
53628	великолепная
53642	Вечер
53651	маленькая
53652	Уф
53690	обучался
53695	стояла
53726	этих
53727	Глупый
53731	тихая
53770	величайший
53776	погиб
53777	громадные
53792	полна
53807	каждого
53809	знала
53810	отдала
53812	Эх
53822	Парижем
53841	десяти
53842	Погодите
53864	поезд
53878	кричит
53942	верит
53955	двора
53959	Честью
53961	трех
53987	варит
54018	небось
54048	остальные
54073	Всякому
54077	сигары
54107	пускать
54131	милые
54163	неизвестности
54172	бутылка
54198	Сегодня
54213	невозможно
54224	пожимает
54242	спасибо
54264	снести
54267	Андреевны
54307	существование
54317	слышу
54396	бросает
54411	подъезжают
54436	зимой
54453	встревожен
54482	стаю
54508	чиновником
54522	богатеет
54574	продали
54585	тяжело
54594	призывающе
54596	левой
54604	Странно
54606	развитой
54631	двери
54653	Вторая
54657	блестит
54660	от
54662	видите
54707	милым
54733	бородой
54782	Терпеть
54789	balancez
54810	покинули
54812	боясь
54818	целует
54834	шкафа
54862	продано
54873	слышали
54899	милый
54911	наконец
54913	лакей
54936	странных
54954	зонтиком
54979	Вишня
54991	возьму
54994	этакая
55005	Вопрос
55006	Отойди
55039	Говорила
55041	4
55042	взаимной
55055	Поглядеть
55086	справедливости
55096	Полно
55097	дорожка
55138	Друзья
55141	колеса
55171	довольна
55195	вишню
55204	Замечательного
55224	Боюсь
55231	смягчающие
55238	мешает
55258	сорвалась
55262	важные
55271	шубы
55275	Андреевич
55309	планетах
55317	сумочкой
55334	Дом
55346	проел
55370	экипажа
55375	бортов
55398	разбит
55414	мне
55418	высоко
55430	мое
55438	стороне
55442	Уже
55470	Как
55484	барышнями
55502	вид
55517	вишневый
55535	проспал
55537	непрерывным
55569	оглянулась
55620	гадость
55663	который
55693	тотчас
55698	няня
55702	аукциона
55706	кухню
55716	кораблю
55754	Сад
55756	гудел
55767	Musikant
55774	выходи
55780	Мы
55818	Ели
55825	неволит
55830	беспокойстве
55848	голубчик
55857	Влюблен
55867	поношенном
55885	Поднимает
56006	Мои
56010	нее
56051	возьмешь
56057	остался
56058	встаю
56059	вопроса
56102	Ани
56106	право
56112	Любови
56114	лоб
56156	Анечка
56157	Крокодилов
56202	ела
56211	расскажите
56215	Отчего
56283	дядя
56286	будь
56288	расхаживаешь
56306	где
56310	Получила
56330	нем
56334	проходимцев
56366	холодной
56398	Она
56406	дни
56431	которые
56462	обо
56486	или
56490	Бог
56505	минутку
56512	купаться
56518	дам
56522	бил
56525	отец
56531	удобно
56538	детскою
56553	невероятным
56558	Том
56581	всех
56602	нам
56614	уходи
56631	чувствуется
56646	курит
56651	Дуплет
56659	аренду
56674	пик
56708	конечно
56710	мой
56714	его
56729	Мадемуазель
56772	Ох
56782	они
56786	родилась
56797	вишневые
56824	расслышав
56847	ищет
56866	Просит
56873	навязала
56884	векселя
56914	лай
56922	брат
56938	умники
56942	близким
57027	поможет
57046	дно
57088	глядишь
57094	дай
57098	пройдемте
57113	ищете
57127	Vive
57142	яркой
57146	Хам
57166	оно
57178	Очаровательная
57179	дует
57182	Охмелия
57187	слышится
57195	недотёпа
57204	вексель
57230	Оба
57238	иди
57246	буду
57268	Ну
57270	превосходная
57282	любила
57290	бай
57326	вон
57328	Святой
57329	мнения
57333	праотцам
57351	неудержимо
57383	переводом
57423	хорош
57442	обеими
57528	Приходите
57532	сельди
57541	старые
57556	влюбляться
57587	читали
57598	побледнела
57623	профессора
57631	станцию
57677	вдвоем
57682	известно
57739	Нежная
57760	денег
57765	колени
57797	молод
57807	Раневская
57835	малое
57836	цифры
57895	наказание
57909	могла
57962	сделаю
58005	такого
58006	прилично
58081	филин
58097	плача
58099	прежнее
58104	других
58105	Неделю
58110	Верст
58116	кашляет
58151	генералы
58176	несомненно
58199	продаваться
58213	глупой
58215	Силушки
58217	заплакать
58231	замечательное
58250	бредит
58260	благодарности
58274	прическа
58285	такими
58302	представляет
58325	закричу
58326	равно
58359	Почтовый
58369	интеллигенции
58380	самому
58410	ступайте
58461	ужасе
58471	окончательно
58503	Мадам
58517	гитара
58524	никуда
58559	похоже
58577	колода
58597	отвыкла
58635	хочет
58636	бросают
58706	grand
58756	ту
58757	побеспокоить
58765	глубже
58795	ремне
58801	чемодана
58803	долго
58809	диван
58813	самосознания
58821	старый
58841	продолжим
58881	Можно
58887	говорил
58915	простудится
58941	барышни
58995	ангел
59024	забыл
59066	видела
59069	опять
59073	курицей
59127	пастух
59187	долги
59197	обвалиться
59198	будить
59221	гитаре
59238	границей
59256	убежден
59263	похожа
59278	Нервы
59308	равнодушная
59320	делай
59325	далек
59356	опущенный
59361	давно
59465	погода
59475	уснуть
59488	мылом
59490	Про
59523	осталась
59528	отвратительно
59537	колодец
59584	пять
59585	a
59614	быть
59616	тысяч
59620	кормить
59628	la
59652	мягко
59657	плачет
59706	отдельные
59744	усердная
59772	вернуться
59816	помнить
59855	Полное
59856	путь
59863	останется
59870	все
59874	Яше
59883	восхищаться
59891	поезда
59900	позволю
59906	Возмутительно
59927	людям
59929	Громадное
59938	Яша
59955	поезде
59962	скушали
59970	Гул
59982	Строиться
60016	трудом
60027	настроение
60057	значит
60068	мужик
60084	Невежество
60130	платить
60169	драли
60194	Есть
60195	французы
60201	Источник
60230	нечаянно
60274	аркой
60291	грехи
60296	помнишь
60303	надумаете
60311	обнаружить
60362	взглянули
60387	скрыта
60394	еще
60417	Двести
60456	Тысяч
60462	дедушка
60473	угодно
60529	Величайшего
60545	Пойдем
60561	телеграммы
60571	духу
60580	напиться
60614	глазки
60629	экзамен
60631	отвезли
60645	курс
60666	Это
60691	дивная
60705	рядом
60729	женский
60733	сургуч
60757	Тссс
60770	Что
60789	Легкий
60808	обедать
60831	Желтого
60857	циркуляция
60889	дрожат
60902	вставать
60906	Сто
60946	покрытый
60953	Музыка
60958	поддевке
60964	ярославская
60972	поколениях
60987	Восходит
61020	необычайнейшее
61021	попало
61027	бароны
61037	погибают
61050	Эти
61067	разговаривать
61078	добрый
61095	Гриша
61099	двадцати
61139	Деньги
61188	комнаты
61296	горизонте
61310	Злодейка
61326	кто
61367	среднюю
61385	узнаем
61396	Думайте
61408	вашего
61469	кладет
61493	новая
61495	студентиком
61507	Извольте
61517	бабушку
61541	климат
61542	работать
61575	шляпе
61584	благословляю
61588	просыпаюсь
61604	продавать
61608	покупки
61620	совет
61622	возможности
61624	своих
61636	торопливо
61664	способствовать
61666	самих
61701	Гости
61724	часы
61725	у
61739	музыкантам
61747	хорошая
61767	скамье
61784	Третий
61815	читальни
61836	дерем
61889	закрыты
61892	детки
61894	сконфуженный
61904	присяжного
61906	ездивший
61930	решите
61954	бежала
61959	речь
61966	третий
61986	просватали
61997	неподвижно
62005	ДЕЙСТВИЕ
62047	Декорация
62055	Антон
62079	Рассвет
62106	цвету
62115	оркестр
62204	гувернантка
62211	Бросила
62213	вернулась
62262	гостиную
62273	карманы
62288	удивительные
62300	шампанское
62319	играй
62367	ходит
62408	покупал
62428	животными
62432	прекрасна
62493	я
62527	никакой
62531	налево
62532	шампанского
62561	мороз
62575	разбудила
62588	шампанским
62603	власти
62613	утренник
62619	решен
62627	счастлива
62635	кончил
62656	опоздать
62695	деревни
62700	надели
62716	держим
62762	выиграет
62793	желательно
62794	жалуемся
62812	Заждались
62840	нижний
62847	опустилась
62849	делаете
62874	Нельзя
62876	Пройдет
62903	белого
62912	никого
62937	Страстной
62947	чистого
62987	нездоров
62988	течение
62991	матери
62992	живут
63003	восходит
63022	свидании
63026	замирающий
63027	покажите
63029	слезы
63068	богач
63079	чувства
63109	прекрасней
63141	ходили
63155	существа
63158	отдыха
63172	часто
63176	попудриться
63179	музыкантов
63190	чистюлька
63205	свиным
63243	квасом
63250	хозяйства
63290	Холодно
63291	небесное
63297	попадается
63339	бежит
63361	Постой
63379	женить
63403	Входит
63477	понимает
63479	сжалась
63511	почтовым
63515	утречком
63520	обнимает
63540	пару
63579	мест
63582	едут
63597	ждут
63600	лицу
63610	нету
63623	Mensch
63625	Дуняшу
63677	покойна
63709	милейшая
63720	подпевает
63738	сын
63766	лекций
63782	Лучше
63807	дачу
63814	солнечно
63878	поиски
63926	фуй
63939	позавтракали
63940	хватило
63954	немного
63955	замучили
63970	доставалось
63973	пуста
63999	Фирс
64003	шутки
64006	Дождался
64022	керченские
64023	генералом
64056	большой
64068	растеряла
64091	согласен
64105	вашу
64122	это
64125	букет
64135	двух
64141	Будет
64150	нашу
64163	Идут
64166	худенькая
64175	внимания
64183	поедете
64198	разобрать
64203	поехал
64222	свернутого
64268	Мужика
64297	Градуса
64312	Петр
64322	Ярославль
64340	пишу
64358	шум
64362	сто
64392	дрянным
64409	вспомнить
64414	едят
64425	родной
64429	обходиться
64439	ладонь
64464	нашего
64471	величины
64482	что
64483	Ничего
64487	схватился
64498	худая
64525	интересное
64549	уводит
64565	весь
64566	посыпались
64573	романа
64574	четыреста
64583	безумца
64606	голову
64612	сушеную
64616	имение
64623	дать
64652	одолжите
64695	танцевать
64709	подходит
64729	Рассказывай
64733	этому
64735	молоденькая
64776	стоит
64820	пить
64841	помолчим
64861	мамаша
64883	ключами
64888	Прекрасно
64909	балансе
64932	нервами
64934	мужики
64941	жить
64944	стану
64979	изволите
64981	отравиться
64997	верю
65011	охать
65042	молчит
65071	Похудела
65085	деньгами
65093	Верь
65107	Блюдечко
65122	погодили
65185	поднимаю
65192	мысли
65201	забыла
65217	отрицательно
65240	большие
65263	Дитя
65322	Несчастье
65350	ряд
65362	разболелась
65400	Петя
65443	компания
65454	догадался
65481	Варя
65501	сядет
