1	затратили
1	Желаю
1	войдя
1	сверх
1	твоих
1	кончике
1	братцы
1	Страшно
1	губернии
1	узлы
1	кивает
1	шутник
1	рассыпала
1	Взгляните
1	перенесла
1	сидя
1	звуки
1	строить
1	заботами
1	понимать
1	несколько
1	уезжать
1	бьется
1	госпожа
1	чистота
1	белую
1	потягивается
1	цель
1	лично
1	Дорога
1	похорошела
1	досада
1	страдающий
1	воображения
1	аптекарь
1	семь
1	пачулями
1	вальса
1	сенате
1	летом
1	физиономий
1	богатые
1	дохода
1	нисколько
1	каких
1	одиноко
1	крикнуть
1	Сверх
1	шляпой
1	ведет
1	везет
1	часам
1	хожу
1	пряжку
1	насекомое
1	небесные
1	богатым
1	Коньячком
1	смеюсь
1	уеду
1	входят
1	медикаменты
1	Кладу
1	Готов
1	комплекции
1	работает
1	поставленную
1	Счастливо
1	великий
1	дорого
1	salto
1	самую
1	Конец
1	запивает
1	усаживаются
1	застрелиться
1	Merci
1	поехала
1	Голодная
1	скажем
1	водку
1	испугался
1	канделябры
1	полу
1	Идет
1	Смех
1	Зову
1	рабочие
1	сем
1	слышны
1	принес
1	выпустить
1	Знаешь
1	напугал
1	говорили
1	жадностью
1	придет
1	Приеду
1	всему
1	дому
1	очках
1	Восемь
1	варенье
1	купит
1	получи
1	плач
1	зиму
1	Чему
1	неодушевленный
1	выпит
1	купец
1	Хожу
1	грохотом
1	ничтожество
1	дает
1	становится
1	хороши
1	пятое
1	квас
1	скверный
1	сон
1	Третьего
1	Успокойтесь
1	чей
1	вынес
1	интересный
1	выходит
1	трясутся
1	страна
1	должно
1	Приходит
1	ударил
1	удовольствия
1	прошлому
1	Ненаглядная
1	умерла
1	Ехать
1	надбавляет
1	Приятно
1	пускаете
1	сургучом
1	благодарите
1	завидовать
1	положительно
1	возвышаясь
1	музыкой
1	идемте
1	бесповоротно
1	поля
1	Время
1	которого
1	балконе
1	воды
1	всякую
1	брать
1	свободный
1	искусстве
1	Устал
1	свободным
1	дамы
1	Сердце
1	выражаться
1	безжалостно
1	башлыком
1	грубо
1	замечательно
1	Экая
1	четвертой
1	сорила
1	качает
1	адмиралы
1	неизъяснимых
1	шее
1	восемьсот
1	Сидя
1	Событие
1	рад
1	напрягаю
1	слышит
1	прочтем
1	Воля
1	живя
1	Родные
1	кровь
1	уедем
1	Обойти
1	смешного
1	поднимает
1	счастью
1	Придумай
1	господам
1	мужиках
1	уйдем
1	Лошади
1	ветер
1	приемная
1	сказали
1	покое
1	лавке
1	движении
1	замечательные
1	одобрить
1	Восьмерка
1	принимаю
1	размножится
1	достал
1	первой
1	заснул
1	годов
1	Скорей
1	Гаеве
1	ленив
1	привезть
1	сумасшедшая
1	снять
1	господин
1	прожила
1	узлом
1	замахнулась
1	продала
1	свечой
1	светик
1	почерк
1	Воображаю
1	словах
1	дойти
1	столбов
1	выйдем
1	покой
1	отдали
1	цветут
1	называем
1	Садитесь
1	Хороший
1	Здоровье
1	глупые
1	дорогие
1	Никаких
1	семьдесят
1	Уедем
1	скрипки
1	Пройдемте
1	полнокровный
1	неуютно
1	Бабушка
1	дорогое
1	пропали
1	почаще
1	закуривает
1	Андреевну
1	неделовых
1	попал
1	веселимся
1	просьбой
1	87
1	тоску
1	проглотил
1	Возьму
1	вопрос
1	полно
1	первое
1	полон
1	пропало
1	послушали
1	неизлечима
1	Милый
1	отстали
1	утешить
1	оба
1	страданием
1	Вон
1	общественного
1	обращаются
1	гимназии
1	Раз
1	направления
1	огурец
1	Остальные
1	Подите
1	Решайтесь
1	Заснула
1	Козоедова
1	утерпеть
1	выдь
1	великодушны
1	Настроим
1	труду
1	Покидая
1	финансист
1	половины
1	Студенту
1	две
1	Чужой
1	задача
1	мужчиной
1	узнаешь
1	дядю
1	над
1	немецкая
1	отдышаться
1	Дам
1	извозчики
1	громко
1	объяснитесь
1	беспокоюсь
1	сияешь
1	успел
1	Брат
1	жил
1	Этот
1	монеты
1	Становится
1	коробку
1	вычищенных
1	поглядеть
1	сочинениях
1	беспокойство
1	несчастливый
1	Вив
1	заживет
1	гробов
1	бал
1	Чем
1	устроен
1	чужой
1	дал
1	подолгу
1	предметов
1	дверей
1	май
1	Отец
1	согласиться
1	рыдают
1	знаменитейший
1	отъезжают
1	мнению
1	светлым
1	деликатным
1	выпивши
1	книжкой
1	служака
1	августе
1	мебель
1	Сочинения
1	молодых
1	ресторане
1	выхода
1	достойнейший
1	Денег
1	кофейником
1	Сергеич
1	Симеоновых
1	благородная
1	наняли
1	приедешь
1	недоумении
1	истину
1	теряю
1	усадьбу
1	превосходно
1	умным
1	болезни
1	телеграфных
1	станция
1	плодотворной
1	юбилей
1	Девочка
1	свадьбы
1	Собственно
1	романах
1	представления
1	Борис
1	копеек
1	важном
1	опустится
1	Насмотрелся
1	менее
1	поглядит
1	предлагают
1	угнетена
1	Сходится
1	помещица
1	Разве
1	слышите
1	Могла
1	моими
1	будешь
1	могли
1	жилете
1	продавайте
1	пойти
1	приличие
1	Несомненно
1	домой
1	снимает
1	поговорим
1	живущих
1	припомните
1	отдохнешь
1	сударь
1	летала
1	сосет
1	допустим
1	дикий
1	Выехала
1	Видела
1	участок
1	делал
1	мозги
1	улыбнешься
1	прислать
1	плечо
1	громадном
1	1904
1	участки
1	вагона
1	покидаете
1	идеал
1	желтых
1	1986
1	осуждайте
1	дивно
1	обмена
1	грешили
1	Мужичок
1	презрением
1	окидывает
1	крыш
1	Работаю
1	промолчала
1	позволь
1	починку
1	Спокойной
1	протянутый
1	следует
1	дуся
1	Погода
1	порывисто
1	Тишина
1	легкое
1	известных
1	тишине
1	приставай
1	дурацкая
1	узнала
1	заросла
1	плачешь
1	покривившаяся
1	трогает
1	болтался
1	советует
1	подушечку
1	минута
1	тишина
1	безнравственная
1	верует
1	Петрушка
1	фраке
1	носится
1	похолодела
1	Кстати
1	Пять
1	попахивает
1	трудно
1	Туз
1	честных
1	оставляю
1	Остаются
1	пошлость
1	наказывай
1	зрение
1	направлено
1	отправляли
1	Яши
1	пробовала
1	рылом
1	легкой
1	окружены
1	глиной
1	полной
1	Еще
1	студентом
1	чувствительно
1	Давненько
1	неудовольствие
1	подберу
1	удерживается
1	шумно
1	согрето
1	невежество
1	пальцы
1	потеряла
1	святым
1	греха
1	приехать
1	гул
1	Троицын
1	университете
1	Пришлите
1	книжный
1	университета
1	варили
1	семидесятых
1	погоди
1	которое
1	бесчестным
1	переезжаем
1	работы
1	сельтерскую
1	уснул
1	Бррр
1	душу
1	вероятно
1	рыдает
1	вишневому
1	вторник
1	смазать
1	мужиками
1	градусник
1	Солнце
1	удерживаясь
1	скажу
1	воздух
1	пахнут
1	белая
1	пудрится
1	суется
1	Отстань
1	уезжаете
1	Ложитесь
1	вскочит
1	октябрь
1	Епиходова
1	вернулось
1	держи
1	танцев
1	обняла
1	играл
1	свободного
1	необычайным
1	Здравствуй
1	росла
1	остаются
1	шаров
1	встретить
1	хотя
1	Какую
1	Ходила
1	Обещали
1	пятнадцати
1	вальсишку
1	танцы
1	малейшем
1	Заждалась
1	Найдем
1	Налево
1	гувернантки
1	приедет
1	билет
1	согласился
1	великаны
1	найду
1	горжусь
1	Прощайте
1	волосы
1	Кардамонову
1	свалял
1	умру
1	Дочка
1	философствуют
1	Согласны
1	allez
1	балах
1	увольняли
1	работают
1	пояса
1	малейшей
1	Молчите
1	блещешь
1	ногах
1	принесешь
1	назови
1	глухой
1	женишок
1	отправил
1	чистом
1	разденусь
1	веру
1	выжжены
1	Конторщика
1	отпраздновать
1	чувств
1	забыли
1	поздороваться
1	пустынь
1	чудесных
1	помяни
1	повороте
1	пору
1	Ответьте
1	Черт
1	запирают
1	придумывай
1	стаканчики
1	успокоились
1	ослабел
1	Нету
1	относится
1	поворота
1	стаканчиками
1	потолки
1	Дачу
1	дают
1	насмешливо
1	прихожу
1	оглядывается
1	КОМЕДИЯ
1	уши
1	восемнадцати
1	вовремя
1	Виновата
1	Очаровательнейшая
1	кушает
1	ношу
1	артиста
1	переодеться
1	сломают
1	верь
1	Дашь
1	ночь
1	трачу
1	смейтесь
1	смеетесь
1	лестнице
1	Мужики
1	недосягаемо
1	дурно
1	обратиться
1	бедняжка
1	дурак
1	Франция
1	вечереет
1	природы
1	любовью
1	останусь
1	Весь
1	офранцузят
1	душой
1	Половым
1	Мальчик
1	генералов
1	Знойкову
1	Замечательнейшая
1	вещь
1	Послезавтра
1	действовать
1	захватило
1	выпью
1	возбужденно
1	нужны
1	веществ
1	любовницы
1	Какое
1	ходить
1	томило
1	предложения
1	спаси
1	каждой
1	рода
1	Благодарю
1	чистоты
1	горох
1	девочке
1	какого
1	возами
1	топили
1	прислуге
1	опоздали
1	кофейнику
1	червовый
1	слов
1	твоей
1	надеть
1	сторонитесь
1	ходишь
1	Белые
1	девочка
1	тополи
1	досадно
1	одеваешься
1	закрыла
1	Отвыкни
1	узла
1	река
1	Горит
1	смотри
1	господь
1	переживу
1	красавцем
1	писали
1	виден
1	происхождения
1	каждое
1	твои
1	глядь
1	камни
1	живем
1	мерещится
1	устали
1	пошутила
1	Подумайте
1	играйте
1	Проценты
1	милостив
1	воздуху
1	существуют
1	какова
1	живших
1	занавесей
1	обманывать
1	Извините
1	садовник
1	спите
1	выходной
1	Павлович
1	Спасите
1	биллиардный
1	17
1	Приезжаем
1	рано
1	цвел
1	прыгала
1	бросаются
1	жалко
1	подушек
1	философствуем
1	Играет
1	мужичок
1	света
1	бросается
1	Заперто
1	бодрость
1	поди
1	придем
1	дойдет
1	знал
1	безобразию
1	доверенность
1	задумайте
1	высокой
1	Само
1	утомлена
1	сырость
1	кулак
1	учатся
1	Сиди
1	Преклонный
1	делают
1	появились
1	Шарлотте
1	поговорю
1	правой
1	ноги
1	платьем
1	дыхание
1	Голоса
1	небо
1	Совершенно
1	проносит
1	танцевали
1	улыбаясь
1	иной
1	доехали
1	дали
1	отдам
1	заем
1	поддерживая
1	успели
1	жили
1	Дуплетом
1	ночевать
1	Покорнейше
1	Один
1	грязь
1	подкладкой
1	чаю
1	кавалеров
1	взыскиваю
1	слышен
1	Поле
1	долг
1	Шкафик
1	шкафом
1	Тебе
1	дама
1	лакеям
1	Нездоровится
1	Киев
1	ремень
1	Вечный
1	вида
1	роскошным
1	человеком
1	Окна
1	Дела
1	туловищем
1	вдогонку
1	дразнят
1	малограмотный
1	настанет
1	Жениться
1	необычайности
1	прадед
1	случится
1	племянница
1	чудесное
1	карман
1	зова
1	тяжелый
1	звоном
1	Экие
1	плод
1	детство
1	Постарел
1	Хочешь
1	дачные
1	второй
1	учишься
1	Пантелеич
1	потасканной
1	неведении
1	ясли
1	укажу
1	бесперечь
1	надумаем
1	спокойно
1	учиться
1	иронией
1	мужиком
1	вишни
1	Заплатили
1	внуки
1	Старая
1	учил
1	идеалам
1	кофий
1	Понятное
1	глядят
1	Николаевич
1	десятого
1	класса
1	ярко
1	Земля
1	верно
1	ничто
1	театре
1	поскорей
1	бессмысленно
1	стал
1	фиолетовая
1	Эй
1	бледна
1	шкафу
1	мистическое
1	пользовал
1	Задумал
1	жаром
1	втором
1	Дверь
1	распустили
1	подох
1	Пойду
1	Пустые
1	лезгинку
1	вероятности
1	второе
1	видишь
1	точки
1	словом
1	горячо
1	порядки
1	дурака
1	дадут
1	студенческом
1	добру
1	весна
1	разберут
1	баста
1	лишнего
1	десятине
1	возвращаться
1	взяла
1	бутылку
1	молчите
1	движения
1	глину
1	сердитесь
1	кресла
1	сливки
1	France
1	ВТОРОЕ
1	перевернуть
1	Удивительно
1	Куда
1	genoux
1	дяде
1	мебели
1	семилетний
1	щеткой
1	ручаюсь
1	разобраться
1	Выходят
1	сожаления
1	владевшие
1	стучит
1	выход
1	Ухожу
1	Научите
1	задумавшись
1	горьком
1	Сюда
1	приду
1	рабами
1	уплаты
1	прохожему
1	Иду
1	вчерашнего
1	полегче
1	отходит
1	огурцов
1	неважно
1	спрашивать
1	Яшей
1	Можете
1	сиянием
1	вздыхает
1	Люблю
1	dames
1	Ой
1	Ваш
1	Пришли
1	вышел
1	душистая
1	страшного
1	жду
1	сушили
1	драть
1	подают
1	Этим
1	Показывается
1	пьем
1	мир
1	Руки
1	добродетельно
1	измучил
1	покорный
1	наигрывая
1	Чудо
1	скатерти
1	прочел
1	Харькове
1	всем
1	притом
1	глазами
1	верьте
1	молочным
1	встревоженно
1	нашли
1	поправляет
1	смелее
1	климата
1	слышать
1	листка
1	глядит
1	та
1	опрокинул
1	смотрит
1	отдавать
1	аллея
1	неделе
1	первых
1	подготовлюсь
1	высыпает
1	венчались
1	наедине
1	собирались
1	нежное
1	родного
1	гитару
1	другом
1	вчерашний
1	сняла
1	Выдать
1	поглядел
1	понимающие
1	шахтах
1	Госпожа
1	свадьбе
1	полюбим
1	голоден
1	будущее
1	ласкалась
1	ДЕЙСТВИЯХ
1	Барин
1	шепот
1	скука
1	сундук
1	мороза
1	пустой
1	экономии
1	утро
1	се
1	продать
1	Великом
1	завтракать
1	кончились
1	имеет
1	Россия
1	сошли
1	кончилось
1	нежной
1	нечистота
1	Господи
1	труд
1	воздушном
1	большинство
1	живишь
1	беседке
1	конторщик
1	способно
1	пускали
1	стаканчик
1	знают
1	ездили
1	поговорит
1	веселое
1	немало
1	силами
1	мочили
1	remerciez
1	Наука
1	болезнь
1	дачами
1	дразните
1	отдаст
1	другие
1	русака
1	скакать
1	сделан
1	удержит
1	сыграть
1	веером
1	плечу
1	смертью
1	слушают
1	собрание
1	слуги
1	мальчонком
1	великанами
1	давали
1	прочитав
1	укором
1	дурацкие
1	Напугал
1	плохой
1	сладкая
1	груб
1	Молодо
1	возможно
1	тишины
1	происшествие
1	подагра
1	пьесу
1	громадного
1	ключей
1	голубое
1	подумать
1	платок
1	духа
1	интеллигенцией
1	Дрянной
1	неумен
1	страшной
1	настоящее
1	привыкли
1	Далеко
1	верстах
1	копейки
1	хищный
1	старинной
1	наставительно
1	налитыми
1	старшим
1	разговоры
1	Л
1	помните
1	свободны
1	приказано
1	меняется
1	Нечего
1	приятно
1	старшие
1	прости
1	временем
1	Guter
1	пух
1	песенку
1	покажу
1	милосердный
1	пошлости
1	глядела
1	настоящем
1	погоду
1	лошадях
1	Покончим
1	поздравляют
1	допущу
1	алмаза
1	флейта
1	кормит
1	просить
1	поглядела
1	почтеннейшие
1	займется
1	наполняют
1	пальца
1	Поторапливайтесь
1	работе
1	лекарства
1	проходить
1	запереть
1	Пьесы
1	рубили
1	гоняла
1	ест
1	древний
1	женщину
1	Яшу
1	угощение
1	Замолчи
1	cavaliers
1	Пью
1	разочек
1	ливрее
1	взойдет
1	Дорогой
1	надевая
1	п
1	башмаках
1	порцию
1	обманете
1	сильно
1	полусне
1	Отворяется
1	вскрикивают
1	уезжала
1	шаре
1	силен
1	одинок
1	голосов
1	поведения
1	белое
1	непонятно
1	Слыхала
1	часовенка
1	брошка
1	хозяйству
1	минуточку
1	обстоятельства
1	сидел
1	молитвах
1	пишут
1	скамья
1	целый
1	шара
1	переродило
1	колокольчики
1	Однако
1	решить
1	впереди
1	увязывает
1	купила
1	посту
1	Чувствуется
1	крепостным
1	учитель
1	схватив
1	существует
1	ненужного
1	поделаешь
1	накурено
1	повидаться
1	соседних
1	беден
1	некуда
1	бросьте
1	собирается
1	придумаем
1	ужинать
1	задумались
1	привели
1	Пропали
1	звучащий
1	надел
1	принесите
1	физиологически
1	такта
1	сжала
1	начался
1	бабушке
1	волоса
1	et
1	поехать
1	любезный
1	велика
1	виляй
1	сдержанный
1	шутить
1	гость
1	телега
1	Вбегает
1	покупает
1	целые
1	ударило
1	Среди
1	вылакать
1	Дачи
1	роскошнее
1	Тихо
1	пусть
1	прийти
1	призрачное
1	вспомните
1	умолчать
1	словаре
1	предлагаю
1	науках
1	представить
1	Быстро
1	мягкая
1	кричала
1	ручку
1	пойдешь
1	паук
1	перевод
1	хватает
1	поедешь
1	стаканчику
1	голове
1	брючки
1	Браво
1	Ваши
1	лорнеткой
1	торжествуя
1	учу
1	орехи
1	страстно
1	десятин
1	нужна
1	Потерял
1	лестницы
1	вечерний
1	восемнадцать
1	среди
1	Сергеевич
1	смущен
1	четырем
1	встретятся
1	лица
1	навсегда
1	мычит
1	отпирает
1	Сумма
1	неприличное
1	леса
1	Найдутся
1	весело
1	Называют
1	ошибаюсь
1	пользы
1	верили
1	золото
1	вещами
1	последней
1	природа
1	Трофимовым
1	картина
1	ярмаркам
1	дорожной
1	ваша
1	тетушка
1	тысячу
1	папаши
1	весной
1	первого
1	вздохнув
1	разбила
1	отставай
1	горд
1	сорить
1	наша
1	имения
1	досадой
1	исчезает
1	многоуважаемый
1	сова
1	анчоусы
1	глубочайшие
1	патер
1	перестрадать
1	примете
1	третьей
1	горохом
1	танцуя
1	покупать
1	бывшие
1	читаю
1	цапли
1	пардон
1	Устала
1	горит
1	третьего
1	парами
1	сочетаешь
1	устала
1	почистить
1	сама
1	россиянину
1	таким
1	попытать
1	везде
1	Видна
1	женитесь
1	нимфа
1	рукомойнику
1	таком
1	твоего
1	месяц
1	потянуло
1	держать
1	Уехали
1	застрелится
1	чревовещательница
1	крепостники
1	Местоположение
1	понравился
1	местам
1	неправда
1	таинственный
1	такие
1	твой
1	бывший
1	ждали
1	разбудить
1	мечтала
1	штучки
1	Вдали
1	касаясь
1	способ
1	револьвером
1	Ведите
1	массы
1	реки
1	Какова
1	Способ
1	убеждения
1	болтаются
1	Нарочно
1	знаменитый
1	волей
1	увидишь
1	шумного
1	мариновали
1	нанял
1	песню
1	каким
1	босиком
1	самые
1	Видом
1	хвалят
1	семенит
1	Никто
1	село
1	упал
1	тонкие
1	Одним
1	вернешь
1	видно
1	дорожные
1	Яшнево
1	дней
1	Сдал
1	молодость
1	закатим
1	Покорно
1	мимо
1	порочна
1	знай
1	Коли
1	ждал
1	стеснить
1	фигура
1	озябла
1	встречал
1	враги
1	умилении
1	самовар
1	осматривает
1	выдержу
1	неподходящие
1	ВИШНЕВЫЙ
1	кругом
1	звезде
1	сложена
1	Аней
1	Подробности
1	Твой
1	Облезлый
1	банк
1	удержу
1	фигуре
1	Знал
1	крики
1	ДЕЙСТВУЮЩИЕ
1	Отдам
1	выдвинул
1	выпил
1	спьяна
1	Помнишь
1	вела
1	образованный
1	Сама
1	покорнейше
1	пустяшная
1	напомнить
1	палкой
1	Отвезли
1	дала
1	справьтесь
1	книг
1	старо
1	оглядки
1	скупости
1	вечный
1	вязка
1	Действие
1	Правда
1	сочная
1	ниже
1	ангелы
1	состоянии
1	хвостом
1	вернешься
1	побыть
1	затворяет
1	забыть
1	затеяли
1	предупредить
1	девать
1	комнатах
1	баба
1	вреда
1	неисправим
1	отношения
1	восьмидесятых
1	чтение
1	Пока
1	Одна
1	Недаром
1	деда
1	вниз
1	цилиндре
1	ЧЕТВЕРТОЕ
1	слышно
1	думайте
1	окне
1	цельный
1	калашный
1	слыхом
1	вашем
1	познакомить
1	общем
1	порядке
1	позволить
1	озабоченно
1	ла
1	Успеешь
1	удержаться
1	Идешь
1	Натерпелась
1	Дойдешь
1	слегка
1	Косой
1	ропщу
1	шароварах
1	здравствовать
1	верится
1	найдите
1	une
1	тальмочку
1	обещала
1	проститься
1	покоя
1	Со
1	битый
1	вошел
1	боялась
1	аукцион
1	Жарко
1	Ефимьюшка
1	стон
1	сказках
1	Варин
1	уходить
1	бросила
1	ненадолго
1	рассказывал
1	сошелся
1	вашей
1	серьезны
1	одетые
1	Борисович
1	железную
1	неуважительный
1	заеду
1	мандолине
1	урод
1	поклонюсь
1	зовет
1	грустно
1	печаль
1	поеду
1	словно
1	немногие
1	провожу
1	туда
1	ел
1	проживу
1	ногами
1	рыба
1	Счастливая
1	изумительный
1	лучшее
1	могут
1	рука
1	сиплым
1	приезжай
1	ЛИЦА
1	Минут
1	ан
1	видать
1	окончательному
1	Крошка
1	нежный
1	русским
1	Серебра
1	Слышатся
1	обозначается
1	mortale
1	понадобились
1	Первая
1	мундире
1	годах
1	Весна
1	Словно
1	разговоров
1	декламируя
1	небольшие
1	страшный
1	уснула
1	Посмотрите
1	зонтик
1	Вышла
1	старинный
1	подвела
1	обращает
1	прорва
1	даю
1	мелкий
1	Ме
1	картин
1	легкомысленных
1	вопросы
1	могильными
1	часовни
1	Евстигнея
1	отделенная
1	размахивай
1	камердинером
1	недоумением
1	туфли
1	помутилось
1	против
1	узнайте
1	монашку
1	заплатили
1	возьмите
1	градуса
1	высохла
1	улыбкой
1	контрабас
1	голодному
1	Съездили
1	главное
1	пристава
1	плитами
1	Были
1	пустота
1	опираясь
1	прикажете
1	Серьезно
1	изменилось
1	осенние
1	полезный
1	Во
1	Ушел
1	подавал
1	безнравственный
1	мелкое
1	вышло
1	упадут
1	хозяйка
1	дадите
1	Впрочем
1	семнадцать
1	скрывать
1	возраст
1	пот
1	прошло
1	настоящего
1	Пришел
1	труда
1	необразованная
1	ресторан
1	видались
1	честнее
1	Верьте
1	сестру
1	очки
1	отчаянии
1	минутки
1	выстрадал
1	читает
1	paire
1	барышня
1	цветов
1	нищий
1	раздавил
1	слушать
1	заплатим
1	Почему
1	отъезжающими
1	утомилась
1	забрали
1	покойней
1	смрад
1	большинстве
1	помереть
1	находится
1	цепочке
1	банковский
1	старикам
1	откроется
1	громаднейшего
1	насадим
1	экономки
1	клочка
1	мальчиком
1	Кончила
1	наследство
1	Пустой
1	занят
1	способом
1	поверенного
1	музыкант
1	смирный
1	сапоги
1	родители
1	Приветствую
1	веселее
1	Россию
1	Счастьем
1	недели
1	поищите
1	селедкой
1	покойнее
1	побывать
1	леденцах
1	Слуга
1	отворяет
1	показалось
1	нищие
1	страдали
1	съездить
1	бокового
1	выйдут
1	моему
1	Оставьте
1	глупая
1	Вдруг
1	поспею
1	учителем
1	дачник
1	ласково
1	сером
1	П
1	леденцами
1	молодо
1	азиатчина
1	славная
1	полведра
1	подлеца
1	поданы
1	Выходите
1	Франс
1	просыпалось
1	ясную
1	изменился
1	Наступает
1	женщины
1	М
1	боитесь
1	положив
1	глубоко
1	рублю
1	отца
1	круг
1	болезней
1	торговал
1	принимать
1	спрашивает
1	Ужасно
1	вырубить
1	любят
1	гимназист
1	совестно
1	несчастливая
1	дрожу
1	лекарство
1	строк
1	фокусы
1	глядели
1	Другого
1	нечего
1	вытерла
1	локоть
1	плоско
1	подносе
1	Пальто
1	бытие
1	Закрутишься
1	Направо
1	К
1	стула
1	Узнает
1	откажет
1	горничная
1	рядах
1	полежу
1	платке
1	Толстого
1	schlechter
1	чемоданов
1	Позавчера
1	побегу
1	мясо
1	пошатывается
1	Выводят
1	прочь
1	Вся
1	приказала
1	Отправили
1	давала
1	нравственная
1	помнит
1	Оставь
1	пути
1	подумают
1	Птицы
1	пьесы
1	заплатите
1	перестать
1	теряюсь
1	Конторщик
1	сочинений
1	зрения
1	сознаться
1	занимаешься
1	горизонты
1	матерью
1	конце
1	Скворцы
1	энергия
1	смешно
1	ослабевал
1	Уходите
1	пощадите
1	Проходят
1	боковой
1	зарыдаю
1	чувствую
1	чертовски
1	Пожалейте
1	существую
1	строгое
1	свинья
1	Вырубить
1	Одета
1	высказать
1	однако
1	негде
1	охотку
1	надежды
1	пойдемте
1	перчатки
1	покончить
1	боковом
1	честь
1	графине
1	темной
1	языком
1	картонку
1	тонкого
1	Купила
1	строгие
1	покупку
1	Багаж
1	кончить
1	ошибок
1	Напоминаю
1	Смейтесь
1	держит
1	б
1	постельку
1	Страсть
1	почты
1	играю
1	ребеночек
1	поубрать
1	Долголетний
1	ездил
1	получил
1	топора
1	постройки
1	серо
1	двумя
1	Продано
1	цените
1	построили
1	пожелаете
1	отчетливо
1	вокзале
1	теплое
1	обстоятельство
1	говорится
1	24
1	демисезон
1	уезжали
1	уезжаем
1	д
1	пришлось
1	счастливы
1	бегал
1	предчувствий
1	чудесный
1	присовокупить
1	прислал
1	фортуну
1	стола
1	распорядится
1	паспорта
1	зазвать
1	Калигула
1	Ничему
1	этаже
1	шутит
1	тетушки
1	взял
1	сукна
1	Пусть
1	необъятные
1	лето
1	Симеонова
1	сапогах
1	начнет
1	резиновых
1	положении
1	грязные
1	некрасивый
1	услышали
1	Карп
1	Сядем
1	Дуняши
1	правый
1	увидев
1	Стали
1	карманные
1	Договорилась
1	следовало
1	супом
1	дышит
1	акта
1	Часа
1	увидим
1	призыв
1	назначены
1	Кофе
1	понятным
1	чудесные
1	Начинается
1	последний
1	неясно
1	идеалы
1	сочувствую
1	Вчера
1	простых
1	Конечно
1	раздала
1	свирели
1	Солнышко
1	оставьте
1	шакалы
1	настраивается
1	замечаете
1	пропадай
1	выкурить
1	гордость
1	стянутая
1	подурнели
1	лунные
1	сядем
1	акте
1	дурного
1	сякой
1	столовой
1	дорожкой
1	другу
1	пчелка
1	Барышня
1	немцы
1	желает
1	Столик
1	божья
1	тринадцатый
1	шпильки
1	тревожная
1	предчувствую
1	бадья
1	волновались
1	Неприятно
1	писем
1	бесстыдник
1	прыгает
1	нехорошо
1	Такая
1	силы
1	предлагается
1	смею
1	хорошую
1	случиться
1	жаловаться
1	назвала
1	миллионером
1	пошло
1	усидеть
1	затей
1	Досада
1	церковь
1	чемодан
1	родится
1	твою
1	съедает
1	биллиардную
1	новую
1	необходимо
1	столик
1	закрывает
1	взыскивать
1	Жизнь
1	свечу
1	воздухе
1	сказавшись
1	столько
1	ствола
1	сижу
1	Выносите
1	нескладная
1	густые
1	поставить
1	Алексеевич
1	дитюся
1	существом
1	Предмет
1	например
1	Тасуйте
1	играешь
1	спишь
1	После
1	совершенствуя
1	высшему
1	болван
1	триста
1	Волгу
1	разрушаешь
1	Егору
1	посреди
1	судьбу
1	Видит
1	велит
1	тонкая
1	покончено
1	понимают
1	Каковы
1	окнах
1	взошло
1	реку
1	прекрасный
1	панталонах
1	предложите
1	деревцо
1	клетчатых
1	принесу
1	собаки
1	кофейника
1	примеру
1	готов
1	звука
1	Укажите
1	Пантелеевич
1	боковую
1	нему
1	глядясь
1	воспитывая
1	Уезжаю
1	букетом
1	усидит
1	правду
1	поновее
1	Всему
1	Живу
1	отвести
1	Владеть
1	подальше
1	небольшому
1	приметесь
1	останьтесь
1	Шкаф
1	хам
1	двор
1	пугают
1	ненастной
1	доктору
1	одет
1	умерли
1	погодите
1	Четыреста
1	похожий
1	вертишься
1	выглядишь
1	повеселели
1	трогательные
1	смущении
1	грустную
1	виду
1	посадил
1	другого
1	выросла
1	оттуда
1	проект
1	САД
1	одевайся
1	отвратительные
1	род
1	сне
1	уме
1	Ступай
1	Комната
1	достану
1	мною
1	лягушек
1	поездом
1	понимал
1	живы
1	закоченели
1	ПЕРВОЕ
1	безобразно
1	Идемте
1	кушать
1	недовольным
1	воля
1	Кланялась
1	Анастасий
1	Федора
1	склонилось
1	пожалуй
1	говорила
1	объявите
1	вдумайтесь
1	Поля
1	усиливается
1	Убирайся
1	сушеная
1	Тебя
1	входя
1	позволил
1	глупость
1	vos
1	зимы
1	стыдно
1	должна
1	сорока
1	глубоком
1	мраком
1	Шарлотту
1	деликатно
1	десятину
1	посеял
1	посылаем
1	палочку
1	лошади
1	светло
1	партию
1	узкой
1	таракана
1	тополей
1	решается
1	книгой
1	огромадная
1	ваших
1	испугалась
1	Кажется
1	Вечер
1	маленькая
1	Уф
1	обучался
1	стояла
1	Глупый
1	тихая
1	величайший
1	громадные
1	полна
1	Парижем
1	Погодите
1	кричит
1	верит
1	Честью
1	трех
1	варит
1	остальные
1	Всякому
1	пускать
1	милые
1	неизвестности
1	бутылка
1	невозможно
1	пожимает
1	снести
1	Андреевны
1	существование
1	подъезжают
1	зимой
1	встревожен
1	стаю
1	богатеет
1	продали
1	призывающе
1	левой
1	Странно
1	развитой
1	Вторая
1	блестит
1	милым
1	бородой
1	Терпеть
1	balancez
1	покинули
1	шкафа
1	слышали
1	странных
1	зонтиком
1	Вишня
1	этакая
1	Вопрос
1	Отойди
1	Говорила
1	4
1	взаимной
1	Поглядеть
1	справедливости
1	Полно
1	дорожка
1	Друзья
1	колеса
1	довольна
1	Замечательного
1	Боюсь
1	смягчающие
1	мешает
1	сорвалась
1	важные
1	шубы
1	Андреевич
1	планетах
1	сумочкой
1	Дом
1	проел
1	экипажа
1	бортов
1	разбит
1	высоко
1	стороне
1	барышнями
1	вид
1	проспал
1	непрерывным
1	оглянулась
1	гадость
1	няня
1	кухню
1	кораблю
1	Сад
1	гудел
1	Musikant
1	Ели
1	неволит
1	беспокойстве
1	Влюблен
1	поношенном
1	Поднимает
1	Мои
1	возьмешь
1	встаю
1	вопроса
1	лоб
1	Анечка
1	Крокодилов
1	ела
1	расскажите
1	будь
1	расхаживаешь
1	Получила
1	нем
1	проходимцев
1	холодной
1	дни
1	минутку
1	купаться
1	бил
1	удобно
1	детскою
1	невероятным
1	Том
1	уходи
1	чувствуется
1	курит
1	Мадемуазель
1	Ох
1	родилась
1	вишневые
1	расслышав
1	Просит
1	навязала
1	векселя
1	умники
1	близким
1	дно
1	глядишь
1	пройдемте
1	ищете
1	Vive
1	яркой
1	Хам
1	Очаровательная
1	дует
1	слышится
1	вексель
1	Оба
1	превосходная
1	мнения
1	праотцам
1	неудержимо
1	переводом
1	хорош
1	обеими
1	Приходите
1	сельди
1	влюбляться
1	побледнела
1	профессора
1	вдвоем
1	Нежная
1	Раневская
1	цифры
1	наказание
1	сделаю
1	такого
1	прилично
1	филин
1	прежнее
1	других
1	Неделю
1	Верст
1	генералы
1	несомненно
1	продаваться
1	глупой
1	Силушки
1	заплакать
1	замечательное
1	бредит
1	благодарности
1	прическа
1	такими
1	представляет
1	закричу
1	Почтовый
1	интеллигенции
1	ступайте
1	гитара
1	никуда
1	бросают
1	grand
1	побеспокоить
1	глубже
1	ремне
1	чемодана
1	диван
1	самосознания
1	продолжим
1	Можно
1	простудится
1	барышни
1	ангел
1	забыл
1	видела
1	курицей
1	пастух
1	обвалиться
1	будить
1	убежден
1	Нервы
1	равнодушная
1	делай
1	далек
1	опущенный
1	уснуть
1	мылом
1	Про
1	отвратительно
1	кормить
1	la
1	мягко
1	отдельные
1	усердная
1	вернуться
1	Полное
1	путь
1	восхищаться
1	поезда
1	Возмутительно
1	людям
1	Громадное
1	поезде
1	скушали
1	Гул
1	Строиться
1	трудом
1	настроение
1	драли
1	французы
1	Источник
1	нечаянно
1	надумаете
1	обнаружить
1	взглянули
1	скрыта
1	Величайшего
1	духу
1	напиться
1	глазки
1	экзамен
1	курс
1	дивная
1	рядом
1	женский
1	сургуч
1	Тссс
1	Легкий
1	обедать
1	Желтого
1	циркуляция
1	дрожат
1	вставать
1	покрытый
1	поддевке
1	ярославская
1	поколениях
1	необычайнейшее
1	попало
1	бароны
1	погибают
1	Эти
1	разговаривать
1	Деньги
1	горизонте
1	Злодейка
1	среднюю
1	узнаем
1	студентиком
1	Извольте
1	бабушку
1	климат
1	благословляю
1	просыпаюсь
1	покупки
1	совет
1	возможности
1	своих
1	торопливо
1	способствовать
1	самих
1	Гости
1	музыкантам
1	скамье
1	Третий
1	читальни
1	дерем
1	закрыты
1	детки
1	сконфуженный
1	присяжного
1	ездивший
1	бежала
1	речь
1	третий
1	просватали
1	неподвижно
1	Декорация
1	Антон
1	Рассвет
1	цвету
1	гувернантка
1	Бросила
1	вернулась
1	карманы
1	удивительные
1	покупал
1	животными
1	прекрасна
1	никакой
1	налево
1	шампанского
1	разбудила
1	шампанским
1	власти
1	решен
1	кончил
1	опоздать
1	деревни
1	надели
1	держим
1	выиграет
1	желательно
1	жалуемся
1	Заждались
1	нижний
1	опустилась
1	делаете
1	Нельзя
1	Пройдет
1	белого
1	Страстной
1	нездоров
1	восходит
1	свидании
1	богач
1	чувства
1	прекрасней
1	ходили
1	существа
1	отдыха
1	часто
1	попудриться
1	музыкантов
1	чистюлька
1	свиным
1	квасом
1	хозяйства
1	Холодно
1	попадается
1	бежит
1	Постой
1	женить
1	сжалась
1	утречком
1	мест
1	ждут
1	лицу
1	Mensch
1	милейшая
1	подпевает
1	лекций
1	Лучше
1	поиски
1	фуй
1	позавтракали
1	замучили
1	доставалось
1	шутки
1	Дождался
1	керченские
1	генералом
1	растеряла
1	согласен
1	вашу
1	Будет
1	нашу
1	худенькая
1	поедете
1	разобрать
1	поехал
1	свернутого
1	Мужика
1	Градуса
1	пишу
1	дрянным
1	вспомнить
1	едят
1	обходиться
1	ладонь
1	величины
1	схватился
1	худая
1	интересное
1	уводит
1	посыпались
1	романа
1	четыреста
1	безумца
1	сушеную
1	одолжите
1	Рассказывай
1	помолчим
1	ключами
1	Прекрасно
1	балансе
1	нервами
1	отравиться
1	верю
1	охать
1	молчит
1	Похудела
1	Верь
1	Блюдечко
1	погодили
1	поднимаю
1	мысли
1	отрицательно
1	большие
1	Дитя
1	Несчастье
1	разболелась
1	компания
1	догадался
1	сядет
2	Авдотья
2	таких
2	Какая
2	открыта
2	собака
2	спросить
2	твоя
2	томах
2	Читал
2	Ментоны
2	гляди
2	купить
2	Вперед
2	после
2	живет
2	лошадиное
2	удар
2	смех
2	богатый
2	смешной
2	дачники
2	плеч
2	уложила
2	маму
2	философ
2	безумно
2	чай
2	богу
2	ждет
2	году
2	Слушаю
2	плечами
2	требует
2	Твоя
2	прекраснейшая
2	груди
2	волю
2	сердце
2	бывает
2	разговор
2	помог
2	ребенка
2	смеешь
2	Поезд
2	знали
2	серьезно
2	сигару
2	весны
2	людской
2	продажи
2	вишня
2	старой
2	называется
2	Дай
2	ружье
2	прошлом
2	чужие
2	жив
2	отчего
2	уверить
2	пол
2	кем
2	пил
2	обморок
2	постоянно
2	пьет
2	зал
2	прошлое
2	Там
2	Пищиком
2	нежная
2	смотрел
2	России
2	простите
2	кружится
2	карту
2	степени
2	Господь
2	продается
2	скажите
2	живете
2	вагоне
2	понял
2	покойная
2	делом
2	Федоровна
2	благодарен
2	отдаленный
2	Гриши
2	котором
2	начальником
2	остались
2	Быть
2	рубликов
2	восемьдесят
2	умоляет
2	дрожит
2	больной
2	ходила
2	дворянина
2	годится
2	деревне
2	т
2	существо
2	золотой
2	концов
2	богата
2	поясе
2	осторожно
2	слух
2	спят
2	Говорят
2	соседней
2	квасу
2	часу
2	счастливым
2	прыгать
2	многоуважаемая
2	даст
2	Барыня
2	носу
2	лопнувшей
2	ключ
2	выражение
2	Едут
2	друга
2	приятное
2	негодяй
2	пришлет
2	Огурчик
2	монастырь
2	стихает
2	продадут
2	представляется
2	эта
2	жилетке
2	сразу
2	ста
2	ставит
2	девочкой
2	вскрикивает
2	Ярославская
2	Каково
2	Какие
2	удивительная
2	сквозь
2	Фирсу
2	упоминается
2	вдали
2	одним
2	ради
2	милость
2	никто
2	шаги
2	реви
2	декадентах
2	Шесть
2	одном
2	состояние
2	Выпей
2	сих
2	Продан
2	садиться
2	фуражке
2	Чего
2	помещик
2	шею
2	хочешь
2	Хотелось
2	Баба
2	Круазе
2	Прежде
2	ящик
2	идешь
2	пожалуйста
2	старая
2	бывало
2	душами
2	Человечество
2	этим
2	человеке
2	Трофимову
2	дуплетом
2	вещей
2	ясно
2	письмо
2	смысл
2	плакала
2	знает
2	Поеду
2	дорогая
2	читать
2	палку
2	молчу
2	Тетка
2	Слышится
2	восторге
2	Лошадь
2	фальшивые
2	поскорее
2	постарел
2	которых
2	Ему
2	добрая
2	пришла
2	думала
2	длинная
2	чепуха
2	правы
2	совершенно
2	помогать
2	Наш
2	изменилась
2	Чтобы
2	платье
2	пришел
2	хозяева
2	прочим
2	прощай
2	ухожу
2	пор
2	рассчитывать
2	нос
2	стук
2	другим
2	хватит
2	сверху
2	другой
2	зверь
2	останавливается
2	головой
2	плачь
2	Дойду
2	отправили
2	умрешь
2	терпения
2	скрипят
2	горько
2	цветок
2	боится
2	другое
2	Варвара
2	собачкой
2	давайте
2	раздается
2	Красавица
2	души
2	подает
2	молодой
2	попросту
2	устроить
2	оставь
2	насчет
2	серьезных
2	поднос
2	роняет
2	пьян
2	признаться
2	гордом
2	играть
2	Бедная
2	чистая
2	пятнадцать
2	ближе
2	Пускай
2	реверанс
2	зеркальце
2	Ежели
2	шляпу
2	велела
2	старичок
2	замучился
2	родину
2	пройти
2	смысле
2	раньше
2	привык
2	начинается
2	принял
2	нужен
2	музыканты
2	наше
2	искупить
2	еврейский
2	леденец
2	ваше
2	обобрал
2	Дуняше
2	процентов
2	Пожалуйте
2	паре
2	утирает
2	бумажки
2	раза
2	опоздал
2	отвечает
2	твое
2	сердишься
2	станет
2	тоном
2	Приехали
2	несчастлив
2	Пищика
2	свой
2	спеша
2	здравствует
2	прощаться
2	Скажите
2	Около
2	белый
2	книги
2	вечера
2	Знаете
2	работаю
2	глубокая
2	осени
2	дальше
2	тех
2	идем
2	голоса
2	сударыня
2	сдержанно
2	говори
2	окна
2	должны
2	зима
2	начать
2	глаз
2	пола
2	родную
2	боже
2	прежде
2	вечным
2	беда
2	закладной
2	взяли
2	поздравляю
2	читают
2	То
2	облезлый
2	господах
2	Точно
2	иметь
2	Торги
2	этакой
2	чиновник
2	Помню
2	сошлась
2	немножко
2	нежные
2	хозяйством
2	маленькой
2	руке
2	богатого
2	ко
2	сломал
2	происходит
2	Ницше
2	несчастьем
2	суде
2	лошадь
2	чтоб
2	мандолина
2	возвращается
2	сделайте
2	стучат
2	Из
2	детской
2	Поймите
2	приехали
2	мою
2	полюбила
2	кошелек
2	иду
2	струны
2	некогда
2	Всем
2	Ей
2	дач
2	Милая
2	слыхать
2	уа
2	смогла
2	страшно
2	сыро
2	нашел
2	выдать
2	Господа
2	отдать
2	привезли
2	Раневской
2	Может
2	кончилась
2	карта
2	чемоданы
2	железная
2	Смешной
2	идиот
2	убегает
2	душе
2	сделали
2	окружном
2	усмешкой
2	револьвер
2	деликатная
2	уверена
2	привыкла
2	позову
2	заболел
2	девяносто
2	взглядом
2	Михайловна
2	глазах
2	пяти
2	телеграмма
2	хорошие
2	спали
2	ждете
2	банке
2	машет
2	своем
2	дачников
2	садом
2	смело
2	часа
2	получить
2	кармане
2	слава
2	уйти
2	голосом
2	играют
2	желаете
2	Который
2	средств
2	папаша
2	Чувствительно
2	наши
2	влюблен
2	браво
2	эту
2	покойны
2	постарели
2	Сцена
2	ладони
2	просыпается
2	стало
2	родная
2	Ваше
2	беспокойтесь
2	Детская
2	Вишневый
2	вполголоса
2	состоялись
2	дороге
2	вперед
2	сценой
2	книгу
2	печальный
2	откуда
2	живыми
2	мечтаю
2	конец
2	Чехов
2	кулаком
2	сложены
2	заработал
2	той
2	том
2	уезжаю
2	направо
2	шел
2	границу
2	Режу
2	Должно
2	Утром
2	сущности
2	оставаться
2	высшей
2	жаль
2	простой
2	мамы
2	увидят
2	Рагулиным
2	Помолчи
2	Воды
2	счет
2	счастья
2	хлопочет
2	Идите
2	кланяется
2	поцеловать
2	дворе
2	великолепная
2	погиб
2	знала
2	отдала
2	десяти
2	двора
2	сигары
2	слышу
2	бросает
2	чиновником
2	тяжело
2	боясь
2	наконец
2	возьму
2	вишню
2	аукциона
2	остался
2	право
2	обо
2	дам
2	Дуплет
2	аренду
2	пик
2	лай
2	поможет
2	оно
2	Охмелия
2	иди
2	вон
2	Святой
2	читали
2	станцию
2	колени
2	молод
2	малое
2	плача
2	кашляет
2	самому
2	ужасе
2	похоже
2	колода
2	отвыкла
2	ту
2	похожа
2	осталась
2	колодец
2	a
2	помнить
2	останется
2	Яше
2	позволю
2	Невежество
2	аркой
2	помнишь
2	Тысяч
2	телеграммы
2	отвезли
2	Восходит
2	добрый
2	двадцати
2	Думайте
2	кладет
2	новая
2	шляпе
2	решите
2	гостиную
2	играй
2	мороз
2	утренник
2	счастлива
2	никого
2	чистого
2	течение
2	живут
2	замирающий
2	покажите
2	понимает
2	почтовым
2	пару
2	нету
2	Дуняшу
2	сын
2	дачу
2	солнечно
2	хватило
2	пуста
2	большой
2	двух
2	Петр
2	шум
2	родной
2	дать
2	подходит
2	этому
2	молоденькая
2	мамаша
2	мужики
2	стану
2	изволите
2	забыла
2	ряд
3	калош
3	Пищику
3	сидят
3	сплю
3	господи
3	топором
3	Через
3	камень
3	свиданция
3	позвольте
3	тем
3	моих
3	вижу
3	неужели
3	пятом
3	падает
3	Завтра
3	Меня
3	идите
3	дайте
3	пиджаке
3	скорее
3	ночью
3	боюсь
3	старик
3	Дядя
3	Лопахиным
3	Они
3	сестра
3	Или
3	чудак
3	августа
3	Евстигней
3	просит
3	сделать
3	видели
3	замуж
3	долга
3	Дериганов
3	умный
3	некстати
3	ровно
3	плакать
3	плохо
3	телеграмму
3	пойдем
3	заплатить
3	музыка
3	прощанье
3	второго
3	никогда
3	ждать
3	собственно
3	Никого
3	надавал
3	Надоел
3	Простите
3	поют
3	Хоть
3	остается
3	тридцать
3	снег
3	увидимся
3	прислуга
3	свои
3	Париже
3	сами
3	Скоро
3	смеха
3	показывается
3	узел
3	новый
3	знаете
3	Идем
3	окно
3	рот
3	всего
3	вроде
3	пока
3	кроме
3	правде
3	об
3	помню
3	drei
3	прислала
3	минут
3	луна
3	раздумье
3	вышла
3	Дядечка
3	прошла
3	взглянуть
3	извините
3	которую
3	колоду
3	нашей
3	сделал
3	нравится
3	Ein
3	сначала
3	Неужели
3	Каждый
3	белой
3	самое
3	бабушка
3	Семен
3	дереву
3	белом
3	нежно
3	города
3	голова
3	ночи
3	будем
3	тридцати
3	zwei
3	Варе
3	вчера
3	Пора
3	мере
3	рада
3	уехали
3	тобой
3	деревья
3	самый
3	Возьмите
3	того
3	моим
3	бормочет
3	продан
3	одни
3	кого
3	днем
3	брата
3	едва
3	поговорить
3	Даже
3	бога
3	доме
3	Человек
3	добры
3	царство
3	покойный
3	четверг
3	фокус
3	ушел
3	им
3	сильном
3	десять
3	возьми
3	Молчу
3	Лопахину
3	пилюли
3	дня
3	куда
3	кухне
3	Моя
3	Гм
3	прощения
3	Начальник
3	потому
3	стул
3	понимаете
3	посижу
3	смеются
3	народ
3	англичане
3	рассуждать
3	дверью
3	прошу
3	комната
3	Тут
3	душечка
3	любить
3	глубине
3	крайней
3	ежели
3	болен
3	переднюю
3	никак
3	портмоне
3	Вари
3	поймешь
3	пледом
3	стали
3	Благолепие
3	пахнет
3	дорога
3	глупо
3	рады
3	умер
3	Мамочка
3	Сколько
3	места
3	Перед
3	тому
3	кончено
3	знаешь
3	должен
3	кому
3	говоря
3	воду
3	годы
3	Душечка
3	размахивать
3	залы
3	Дайте
3	этих
3	каждого
3	Сегодня
3	спасибо
3	лакей
3	выходи
3	Бог
3	ищет
3	дай
3	бай
3	старые
3	известно
3	могла
3	окончательно
3	Мадам
3	хочет
3	старый
3	грехи
3	Двести
3	дедушка
3	угодно
3	Сто
3	Музыка
3	Гриша
3	оркестр
3	ходит
3	матери
3	небесное
3	едут
3	немного
3	букет
3	внимания
3	Ярославль
3	нашего
3	весь
3	танцевать
3	пить
3	деньгами
4	вместе
4	сказал
4	пошла
4	спит
4	чему
4	сам
4	земле
4	Гаева
4	уходите
4	друзья
4	Сестра
4	Его
4	бог
4	Лопахина
4	Ах
4	Харьков
4	Говорите
4	Москву
4	думать
4	радость
4	двести
4	рукой
4	танцуют
4	выразиться
4	сидит
4	солнце
4	несчастье
4	идут
4	карт
4	дядечка
4	Уходят
4	реке
4	свете
4	уехала
4	час
4	больницу
4	понять
4	человека
4	взаймы
4	неизвестно
4	всей
4	люди
4	мальчик
4	ключи
4	милая
4	те
4	Здесь
4	выше
4	радости
4	вишневого
4	которая
4	самой
4	будьте
4	прекрасная
4	одного
4	слова
4	спала
4	стала
4	звук
4	слезами
4	одно
4	утонул
4	нами
4	дела
4	желтого
4	Занавес
4	упаду
4	четыре
4	Уж
4	пойду
4	голос
4	ушла
4	ваш
4	пришли
4	можете
4	них
4	Но
4	барин
4	приехал
4	между
4	будете
4	утра
4	всю
4	далеко
4	кармана
4	Будьте
4	всегда
4	Двадцать
4	своей
4	пятьдесят
4	быстро
4	предложение
4	одну
4	утром
4	ума
4	поезд
4	небось
4	целует
4	которые
4	недотёпа
4	любила
4	долги
4	гитаре
4	границей
4	погода
4	платить
4	Есть
4	комнаты
4	работать
4	продавать
4	ДЕЙСТВИЕ
4	шампанское
4	обнимает
4	покойна
4	Идут
4	голову
5	Прохожий
5	клянусь
5	Зачем
5	перед
5	Хорошо
5	Симеонов
5	молчать
5	Иди
5	год
5	Мой
5	Вам
5	дед
5	От
5	Опять
5	Значит
5	смотреть
5	при
5	лучше
5	три
5	Леонида
5	уходят
5	дочь
5	сцену
5	сада
5	судьба
5	одной
5	Парижа
5	моей
5	Кого
5	землю
5	счастье
5	На
5	Для
5	проценты
5	приехала
5	По
5	вся
5	Прошу
5	разные
5	просто
5	дверях
5	странно
5	городе
5	С
5	гляжу
5	Когда
5	свое
5	мало
5	дома
5	плед
5	года
5	напевает
5	видеть
5	торги
5	Сию
5	проходит
5	знать
5	Дашенька
5	слово
5	каждый
5	несчастья
5	дачи
5	Фирса
5	шкаф
5	Позвольте
5	Эх
5	видите
5	продано
5	Любови
5	конечно
5	буду
5	долго
5	сто
6	место
6	студент
6	город
6	отсюда
6	Очень
6	глаза
6	людей
6	любви
6	Кто
6	хочется
6	говорите
6	скоро
6	угол
6	жизни
6	дорогу
6	девушка
6	сюда
6	холодно
6	Люба
6	всё
6	сколько
6	друг
6	собой
6	Спасибо
6	вещи
6	какие
6	какое
6	какой
6	такое
6	гостиной
6	зале
6	До
6	Прощай
6	биллиарде
6	сказать
6	думаю
6	минуту
6	комнате
6	ваши
6	этого
6	передней
6	зачем
6	желаю
6	Париж
6	Уже
6	тотчас
6	нее
6	всех
6	нам
6	брат
6	мужик
6	вашего
6	часы
6	стоит
6	жить
7	уйду
7	говорю
7	ведь
7	ну
7	больше
7	комнату
7	нельзя
7	входит
7	мать
7	одна
7	Боже
7	ей
7	За
7	вдруг
7	станции
7	назад
7	самом
7	делает
7	кофе
7	играет
7	один
7	наш
7	ужасно
7	кажется
7	какая
7	саду
7	прямо
7	завтра
7	милый
7	голубчик
7	дядя
7	пять
7	значит
7	хорошая
8	середину
8	уходит
8	чем
8	залу
8	Варю
8	возле
8	Какой
8	дело
8	руки
8	Нет
8	Аню
8	были
8	рублей
8	купил
8	душа
8	лицо
8	пора
8	время
8	ехать
8	равно
8	говорил
8	Ничего
9	раз
9	совсем
9	дом
9	деньги
9	про
9	хоть
9	около
9	Мама
9	этой
9	во
9	такой
9	него
9	вами
9	Слышно
9	подумайте
9	деле
9	была
9	Сейчас
9	уж
9	мамочка
9	хороший
9	нужно
9	свою
9	такая
9	Теперь
9	мое
9	Ани
9	Отчего
9	отец
9	они
9	денег
9	опять
10	спать
10	этот
10	их
10	под
10	даже
10	правда
10	этом
10	сорок
10	Андреевне
10	любит
10	для
10	руками
10	Входят
10	Ведь
10	двери
10	который
10	давно
10	быть
10	тысяч
10	плачет
11	день
11	Где
11	Так
11	Алексеич
11	будет
11	чего
11	понимаю
11	Только
11	Голос
11	пальто
11	двадцать
11	говорить
11	Пойдем
12	через
12	руку
12	Леонид
12	говорят
12	Ивановна
12	тихо
12	да
12	дверь
12	точно
12	себя
12	вишневый
12	где
12	Она
13	жизнь
13	хорошо
13	мои
13	может
13	О
13	Надо
13	делать
13	кто
13	имение
14	два
14	ним
14	есть
14	тоже
14	сегодня
14	будто
14	мной
14	ему
14	господа
14	Мы
15	Ермолай
15	тебе
15	мама
15	о
15	У
15	идет
16	Мне
16	до
16	было
16	Он
16	если
16	сейчас
16	знаю
16	или
17	был
17	когда
17	тогда
17	Если
17	говорит
17	ж
17	люблю
17	тут
17	Как
17	слезы
17	Входит
18	потом
18	много
18	чтобы
19	здесь
20	без
20	Все
20	себе
20	ни
21	со
22	мы
22	человек
22	ее
22	ли
22	лет
22	Ну
22	Петя
24	Ты
25	сад
25	его
28	Вот
28	тебя
28	еще
29	из
29	то
29	Это
30	от
31	ничего
31	очень
32	Вы
32	надо
32	но
33	Да
33	моя
33	В
33	могу
34	Пауза
35	вот
36	нет
38	Шарлотта
38	Епиходов
39	теперь
41	Пищик
41	мой
43	по
46	он
46	Не
48	к
48	за
49	И
49	Что
50	Дуняша
50	это
51	вас
52	только
52	Фирс
55	А
57	ты
61	так
61	бы
61	у
65	мне
66	Яша
71	же
71	а
73	вы
77	Трофимов
80	Гаев
81	Аня
85	как
85	что
92	с
93	все
100	Я
108	Варя
114	Лопахин
133	Андреевна
133	Любовь
151	на
171	я
239	не
260	в
305	и
